Date,SPX,GLD,USO,SLV,EUR/USD
01-02-2008,1447,84.860001,78,15,1.47
01-03-2008,1447,85.57,78,15,1.47
01-04-2008,1412,85.129997,77,15,1.48
01-07-2008,1416,84.769997,76,15,1.47
01-08-2008,1390,86.779999,76,16,1.56
01-09-2008,1409,86.550003,75,16,1.47
01-10-2008,1420,88.25,74,16,1.48
01-11-2008,1401,88.580002,73,16,1.48
1/14/2008,1416,89.540001,74,16,1.49
1/15/2008,1381,87.989998,73,16,1.48
1/16/2008,1373,86.699997,72,16,1.47
1/17/2008,1333,86.5,71,16,1.46
1/18/2008,1325,87.419998,72,16,1.46
1/22/2008,1311,88.169998,71,16,1.46
1/23/2008,1339,87.889999,70,16,1.46
1/24/2008,1352,90.080002,71,16,1.48
1/25/2008,1331,90.300003,72,16,1.47
1/28/2008,1354,91.75,72,17,1.48
1/29/2008,1362,91.150002,73,17,1.48
1/30/2008,1356,92.059998,73,17,1.48
1/31/2008,1379,91.400002,72,17,1.49
02-01-2008,1395,89.349998,70,17,1.48
02-04-2008,1381,89.099998,71,17,1.48
02-05-2008,1337,87.68,70,16,1.46
02-06-2008,1326,88.949997,69,16,1.46
02-07-2008,1337,89.849998,70,17,1.45
02-08-2008,1331,91,73,17,1.56
02-11-2008,1339,91.330002,75,17,1.45
02-12-2008,1349,89.330002,74,17,1.46
2/13/2008,1367,89.440002,74,17,1.46
2/14/2008,1349,89.709999,76,17,1.46
2/15/2008,1350,89.150002,76,17,1.47
2/19/2008,1349,91.580002,79,17,1.47
2/20/2008,1360,93.239998,79,18,1.47
2/21/2008,1343,93.25,77,18,1.48
2/22/2008,1353,93.389999,79,18,1.48
2/25/2008,1372,92.739998,79,18,1.48
2/26/2008,1381,93.709999,80,19,1.50
2/27/2008,1380,94.779999,79,19,1.51
2/28/2008,1368,95.989998,81,20,1.52
2/29/2008,1331,96.18,80,20,1.52
03-03-2008,1331,97.239998,81,20,1.52
03-04-2008,1327,95.18,79,20,1.52
03-05-2008,1334,97.720001,83,21,1.53
03-06-2008,1304,96.5,84,20,1.54
03-07-2008,1293,96.089996,84,20,1.53
03-10-2008,1273,95.870003,86,19,1.53
03-11-2008,1321,95.989998,86,20,1.53
03-12-2008,1309,97.010002,87,20,1.55
3/13/2008,1315,98.339996,87,20,1.56
3/14/2008,1288,98.709999,87,20,1.56
3/17/2008,1277,99.169998,83,20,1.57
3/18/2008,1331,96.5,86,19,1.57
3/19/2008,1298,93.040001,82,18,1.56
3/20/2008,1330,89.910004,81,17,1.54
3/24/2008,1350,90.099998,80,17,1.54
3/25/2008,1353,92.730003,81,18,1.56
3/26/2008,1341,93.800003,85,18,1.58
3/27/2008,1326,93.459999,86,18,1.58
3/28/2008,1315,91.879997,84,18,1.58
04-01-2008,1370,86.860001,81,17,1.57
04-02-2008,1368,89.269997,84,17,1.57
04-03-2008,1369,89.419998,84,17,1.57
04-07-2008,1373,91.169998,87,18,1.56
04-08-2008,1366,90.349998,87,18,1.58
04-09-2008,1354,92.290001,89,18,1.57
04-10-2008,1361,91.769997,88,18,1.58
4/14/2008,1328,91.110001,90,18,1.58
4/15/2008,1334,91.660004,91,18,1.60
4/16/2008,1365,93.269997,92,18,1.59
4/17/2008,1366,92.559998,92,18,1.57
4/21/2008,1388,90.25,94,17,1.60
4/22/2008,1376,90.269997,95,17,1.59
4/23/2008,1380,89.220001,95,17,1.57
4/24/2008,1389,87.220001,93,17,1.56
4/28/2008,1396,87.690002,96,17,1.56
4/29/2008,1391,85.809998,93,16,1.56
05-01-2008,1409,83.989998,90,16,1.54
05-05-2008,1407,86.269997,97,17,1.55
05-06-2008,1418,86.629997,98,17,1.54
05-07-2008,1393,85.82,100,17,1.55
05-08-2008,1398,87.239998,101,17,1.55
05-12-2008,1404,86.989998,100,17,1.55
5/13/2008,1403,85.389999,102,17,1.55
5/14/2008,1409,85.199997,100,16,1.55
5/15/2008,1424,87,100,17,1.56
5/19/2008,1427,89.389999,103,17,1.57
5/20/2008,1413,90.900002,104,18,1.58
5/21/2008,1391,91.959999,108,18,1.57
5/22/2008,1394,90.980003,106,18,1.58
5/27/2008,1385,89.360001,104,17,1.57
5/28/2008,1391,89.139999,106,17,1.55
5/29/2008,1398,86.510002,102,16,1.55
06-02-2008,1386,87.959999,103,17,1.55
06-03-2008,1378,86.879997,101,17,1.54
06-04-2008,1377,86.650002,99,17,1.56
06-05-2008,1404,86.449997,104,17,1.58
06-09-2008,1362,87.989998,109,17,1.55
06-10-2008,1358,85.550003,107,16,1.56
06-11-2008,1335,87.019997,111,17,1.55
06-12-2008,1340,85.599998,111,16,1.54
6/16/2008,1360,87.010002,109,17,1.55
6/17/2008,1351,87.25,109,17,1.55
6/18/2008,1338,88.279999,111,17,1.55
6/19/2008,1343,88.419998,107,17,1.56
6/23/2008,1318,87.089996,111,17,1.56
6/24/2008,1314,87.470001,111,16,1.57
6/25/2008,1322,87.419998,109,17,1.58
6/26/2008,1283,90.610001,113,17,1.58
07-01-2008,1285,92.660004,115,18,1.59
07-02-2008,1262,93.169998,117,18,1.57
07-03-2008,1263,92.059998,117,18,1.57
07-07-2008,1252,91.230003,115,18,1.53
07-08-2008,1274,90.860001,110,18,1.57
07-09-2008,1245,91.5,110,18,1.58
07-10-2008,1253,93.529999,114,18,1.59
7/14/2008,1228,95.910004,117,19,1.59
7/15/2008,1215,96.169998,112,19,1.58
7/16/2008,1245,94.440002,109,19,1.59
7/17/2008,1260,94.220001,106,18,1.59
7/21/2008,1260,95.120003,107,18,1.58
7/22/2008,1277,93.059998,103,18,1.57
7/23/2008,1282,90.57,100,17,1.57
7/24/2008,1253,91.330002,101,17,1.57
7/28/2008,1234,91.730003,101,17,1.56
7/29/2008,1263,90.589996,98,17,1.56
7/30/2008,1284,89.519997,102,17,1.56
08-07-2008,1266,86.089996,96,16,1.50
8/25/2008,1267,80.93,93,13,1.46
8/26/2008,1272,81.230003,94,13,1.47
8/27/2008,1282,81.360001,96,13,1.47
8/28/2008,1301,82.18,93,14,1.47
09-02-2008,1278,79.199997,89,13,1.45
09-03-2008,1275,78.889999,88,13,1.43
09-04-2008,1237,78.389999,87,13,1.43
09-08-2008,1268,78.860001,86,12,1.41
09-09-2008,1225,76.489998,82,11,1.40
09-10-2008,1232,74.220001,83,11,1.40
09-11-2008,1249,73.080002,81,10,1.42
9/15/2008,1193,77.559998,76,11,1.41
9/16/2008,1214,76.790001,75,10,1.43
9/17/2008,1156,85.459999,78,12,1.43
9/18/2008,1207,82.800003,79,12,1.44
9/22/2008,1207,89.18,88,13,1.47
9/23/2008,1188,88.32,86,13,1.46
9/24/2008,1186,86.709999,85,13,1.46
9/25/2008,1209,86.449997,87,13,1.46
9/29/2008,1106,89.57,77,13,1.41
9/30/2008,1166,85.07,82,12,1.40
10-01-2008,1161,85.970001,80,12,1.38
10-02-2008,1114,82.330002,76,11,1.38
10-06-2008,1057,84.279999,72,11,1.36
10-07-2008,996,87.269997,72,11,1.50
10-08-2008,985,89.419998,72,12,1.36
10-09-2008,910,89.900002,70,12,1.34
10/13/2008,1003,81.989998,68,11,1.36
10/14/2008,998,82.199997,65,11,1.34
10/15/2008,908,83.309998,61,10,1.35
10/16/2008,946,79.290001,59,10,1.34
10/20/2008,985,78.5,62,10,1.31
10/21/2008,955,76.029999,59,10,1.28
10/22/2008,897,71.709999,55,9,1.29
10/23/2008,908,70.650002,57,9,1.26
10/27/2008,849,72.18,51,9,1.25
10/28/2008,941,73.790001,53,9,1.28
10/29/2008,930,74,56,10,1.30
10/30/2008,954,72.709999,54,10,1.29
10/31/2008,969,71.339996,56,10,1.27
11-03-2008,966,71.099998,52,10,1.26
11-04-2008,1006,75.480003,57,10,1.30
11-05-2008,953,72.800003,54,10,1.29
11-06-2008,905,72.220001,50,10,1.27
11-07-2008,931,72.5,50,10,1.27
11-10-2008,919,73.580002,51,10,1.27
11-11-2008,899,72.050003,48,10,1.25
11-12-2008,852,70,46,9,1.25
11/13/2008,911,72.150002,49,9,1.28
11/14/2008,873,73.300003,46,9,1.26
11/17/2008,851,72.650002,45,9,1.26
11/18/2008,859,72.510002,45,9,1.26
11/19/2008,807,72.260002,43,9,1.25
11/20/2008,752,73.449997,40,9,1.24
11/21/2008,800,78.849998,41,10,1.26
11/24/2008,852,80.910004,44,10,1.29
11/25/2008,857,80.870003,41,10,1.30
11/26/2008,888,80.379997,45,10,1.29
11/28/2008,896,80.309998,42,10,1.27
12-01-2008,816,75.650002,40,9,1.26
12-02-2008,849,76.949997,39,9,1.27
12-03-2008,871,76.18,38,10,1.27
12-04-2008,845,75.5,35,9,1.28
12-05-2008,876,74.519997,34,9,1.27
12-08-2008,910,76.199997,36,10,1.49
12-09-2008,889,76.330002,34,10,1.29
12-10-2008,899,79.75,36,10,1.30
12-11-2008,874,80.650002,39,10,1.33
12-12-2008,880,80.809998,38,10,1.34
12/15/2008,869,82.599998,37,11,1.37
12/16/2008,913,84.459999,36,11,1.41
12/17/2008,904,85.43,35,11,1.44
12/18/2008,885,83.870003,33,11,1.43
12/19/2008,888,82.629997,33,11,1.39
12/22/2008,872,83.459999,31,11,1.40
12/23/2008,863,82.629997,30,10,1.39
12/24/2008,868,83.459999,29,10,1.40
12/26/2008,873,85.599998,29,11,1.40
12/29/2008,869,86.349998,31,11,1.40
12/30/2008,891,85.900002,30,11,1.41
12/31/2008,903,86.519997,33,11,1.40
01-02-2009,932,86.230003,36,11,1.39
01-05-2009,927,84.480003,37,11,1.36
01-06-2009,935,85.129997,37,11,1.35
01-07-2009,907,82.75,33,11,1.36
01-08-2009,910,84.459999,33,11,1.37
01-09-2009,890,83.919998,32,11,1.35
01-12-2009,870,80.760002,31,11,1.34
1/13/2009,872,80.879997,32,11,1.32
1/14/2009,843,79.790001,31,10,1.32
1/15/2009,844,80.389999,30,10,1.32
1/16/2009,850,82.709999,30,11,1.33
1/20/2009,805,84.519997,29,11,1.29
1/21/2009,840,84.150002,31,11,1.30
1/22/2009,828,84.580002,30,11,1.30
1/23/2009,832,88.529999,32,12,1.30
1/26/2009,837,88.949997,32,12,1.32
1/27/2009,846,88.379997,30,12,1.32
1/28/2009,874,87.419998,30,12,1.32
1/29/2009,845,89.5,29,12,1.29
1/30/2009,826,91.309998,29,13,1.28
02-02-2009,825,88.839996,28,12,1.28
02-03-2009,839,88.470001,29,12,1.30
02-04-2009,832,89.18,28,12,1.29
02-05-2009,846,90.120003,29,13,1.28
02-06-2009,869,89.589996,28,13,1.29
02-09-2009,870,88.32,28,13,1.30
02-10-2009,827,90.209999,27,13,1.29
02-11-2009,834,92.290001,26,13,1.29
02-12-2009,835,93.169998,26,13,1.29
2/13/2009,827,92.550003,26,14,1.29
2/17/2009,789,95.449997,23,14,1.26
2/18/2009,788,96.910004,23,14,1.26
2/19/2009,779,95.769997,24,14,1.27
2/20/2009,770,97.800003,24,14,1.29
2/23/2009,743,97.730003,23,14,1.27
2/24/2009,773,94.730003,24,14,1.29
2/25/2009,765,93.150002,26,13,1.27
2/26/2009,753,93.059998,27,13,1.27
2/27/2009,735,92.629997,27,13,1.27
03-02-2009,701,90.93,24,13,1.26
03-03-2009,696,90.040001,25,13,1.25
03-04-2009,713,88.989998,28,13,1.26
03-05-2009,683,91.989998,27,13,1.25
03-06-2009,683,92.290001,28,13,1.26
03-09-2009,677,90.57,29,13,1.26
03-10-2009,720,88.139999,28,12,1.27
03-11-2009,721,89.220001,26,13,1.28
03-12-2009,751,91.099998,28,13,1.29
3/13/2009,757,91.300003,28,13,1.29
3/16/2009,754,90.800003,28,13,1.30
3/17/2009,778,90.040001,29,13,1.30
3/18/2009,794,93.089996,30,13,1.35
3/19/2009,784,94.349998,30,13,1.37
3/20/2009,769,93.589996,31,14,1.36
3/23/2009,823,92.080002,32,13,1.36
3/24/2009,806,90.949997,32,13,1.35
3/25/2009,814,91.980003,31,13,1.36
3/26/2009,833,91.93,32,13,1.35
3/27/2009,816,90.690002,31,13,1.33
3/30/2009,788,89.980003,29,13,1.32
3/31/2009,798,90.279999,29,13,1.32
04-01-2009,811,91.029999,29,13,1.35
04-02-2009,834,88.800003,31,13,1.35
04-06-2009,835,85.269997,30,12,1.33
04-07-2009,816,86.739998,29,12,1.33
04-08-2009,825,86.610001,29,12,1.32
04-09-2009,857,86.309998,31,12,1.32
4/13/2009,859,87.879997,30,13,1.33
4/14/2009,842,87.370003,29,13,1.32
4/15/2009,852,87.5,29,13,1.32
4/16/2009,865,85.809998,29,12,1.30
4/20/2009,832,86.949997,27,12,1.29
4/21/2009,850,86.889999,27,12,1.30
4/22/2009,844,87.379997,27,12,1.31
4/23/2009,852,88.800003,28,13,1.33
4/27/2009,858,89.010002,28,13,1.31
4/28/2009,855,87.75,28,12,1.33
4/29/2009,874,88.330002,29,13,1.32
4/30/2009,873,87.269997,29,12,1.33
05-04-2009,907,88.639999,31,13,1.33
05-05-2009,904,88.25,30,13,1.33
05-06-2009,920,89.540001,31,14,1.34
05-07-2009,907,89.440002,31,14,1.36
05-11-2009,909,89.690002,32,14,1.36
05-12-2009,908,90.699997,33,14,1.36
5/13/2009,884,91.089996,32,14,1.36
5/14/2009,893,91.029999,32,14,1.35
5/18/2009,910,90.360001,33,14,1.36
5/19/2009,908,90.959999,33,14,1.38
5/20/2009,903,92.25,34,14,1.39
5/21/2009,888,93.849998,33,14,1.40
5/26/2009,910,93.760002,34,14,1.38
5/27/2009,893,93.449997,35,15,1.39
5/28/2009,907,94.239998,35,15,1.42
06-01-2009,943,95.730003,37,15,1.43
06-02-2009,945,96.360001,38,16,1.41
06-03-2009,932,94.410004,36,15,1.42
06-04-2009,942,96.230003,38,16,1.40
06-08-2009,939,93.559998,38,15,1.41
06-09-2009,942,93.830002,38,15,1.40
06-10-2009,939,93.860001,39,15,1.41
06-11-2009,945,93.699997,40,15,1.40
6/15/2009,924,91.099998,39,14,1.38
6/16/2009,912,91.93,39,14,1.39
6/17/2009,911,92.349998,39,14,1.39
6/18/2009,918,91.610001,39,14,1.39
6/22/2009,893,90.540001,36,14,1.41
6/23/2009,895,90.919998,37,14,1.39
6/24/2009,901,91.449997,37,14,1.40
6/25/2009,920,92.309998,38,14,1.41
6/29/2009,927,92.040001,39,14,1.40
6/30/2009,919,91.18,38,13,1.41
07-01-2009,923,92.389999,37,14,1.40
07-02-2009,896,91.25,36,13,1.40
07-06-2009,899,90.760002,35,13,1.39
07-07-2009,881,90.709999,34,13,1.39
07-08-2009,880,89.269997,33,13,1.40
07-09-2009,883,89.510002,33,13,1.39
7/13/2009,901,90.190002,32,13,1.40
7/14/2009,906,90.809998,32,13,1.41
7/15/2009,933,92.239998,33,13,1.41
7/16/2009,941,91.980003,34,13,1.41
7/20/2009,951,93.279999,35,13,1.42
7/21/2009,955,93.129997,35,13,1.42
7/22/2009,954,93.440002,35,13,1.42
7/23/2009,976,93.260002,36,14,1.42
7/27/2009,982,93.709999,36,14,1.41
7/28/2009,980,92.110001,36,14,1.40
7/29/2009,975,91.199997,33,13,1.41
7/30/2009,987,91.620003,35,13,1.43
08-03-2009,1003,93.870003,38,14,1.44
08-04-2009,1006,94.68,38,14,1.44
08-05-2009,1003,94.779999,38,15,1.44
08-06-2009,997,94.599998,38,14,1.42
08-10-2009,1007,92.93,38,14,1.42
08-11-2009,994,92.790001,37,14,1.42
08-12-2009,1006,92.949997,37,14,1.43
8/13/2009,1013,93.720001,38,15,1.42
8/17/2009,980,91.610001,36,14,1.42
8/18/2009,990,92.059998,37,14,1.43
8/19/2009,996,92.529999,38,14,1.43
8/20/2009,1007,92.269997,38,14,1.43
8/24/2009,1026,92.339996,38,14,1.43
8/25/2009,1028,92.760002,37,14,1.42
8/26/2009,1028,92.790001,37,14,1.44
8/27/2009,1031,93.190002,38,14,1.44
8/31/2009,1021,93.400002,36,15,1.42
09-01-2009,998,93.900002,35,15,1.43
09-02-2009,995,96.190002,35,15,1.43
09-03-2009,1003,97.459999,35,16,1.43
09-08-2009,1025,97.43,37,16,1.45
09-09-2009,1033,97.080002,37,16,1.46
09-10-2009,1044,97.699997,37,16,1.46
9/14/2009,1049,97.959999,36,16,1.47
9/15/2009,1053,98.900002,37,17,1.47
9/16/2009,1069,99.910004,37,17,1.47
9/17/2009,1065,99.339996,37,17,1.47
9/21/2009,1065,98.360001,36,17,1.48
9/22/2009,1072,99.669998,37,17,1.47
9/23/2009,1061,98.830002,35,17,1.47
9/24/2009,1051,97.550003,34,16,1.47
9/28/2009,1063,97.050003,35,16,1.46
9/29/2009,1061,97.43,34,16,1.47
9/30/2009,1057,98.849998,36,16,1.45
10-01-2009,1030,97.889999,36,16,1.46
10-05-2009,1040,99.82,36,16,1.47
10-06-2009,1055,102.279999,37,17,1.47
10-07-2009,1058,102.360001,36,17,1.48
10-08-2009,1065,103.639999,37,18,1.47
10-12-2009,1076,103.559998,38,17,1.48
10/13/2009,1073,104.260002,38,17,1.49
10/14/2009,1092,104.18,39,18,1.50
10/15/2009,1097,102.860001,40,17,1.49
10/19/2009,1098,104.230003,41,17,1.49
10/20/2009,1091,103.419998,40,17,1.50
10/21/2009,1081,103.75,41,17,1.50
10/22/2009,1093,103.919998,41,17,1.50
10/26/2009,1067,101.860001,40,17,1.49
10/27/2009,1063,101.849998,41,16,1.48
10/28/2009,1043,100.730003,39,16,1.47
10/29/2009,1066,102.690002,41,16,1.48
10/30/2009,1036,102.529999,39,16,1.47
11-02-2009,1043,103.949997,40,16,1.48
11-03-2009,1045,106.459999,41,17,1.47
11-04-2009,1047,107.099998,41,17,1.49
11-05-2009,1067,106.980003,41,17,1.49
11-06-2009,1069,107.43,40,17,1.48
11-09-2009,1093,108.190002,41,17,1.50
11-10-2009,1093,108.389999,40,17,1.50
11-11-2009,1099,109.599998,41,17,1.50
11-12-2009,1087,108.209999,39,17,1.49
11/13/2009,1093,109.739998,39,17,1.49
11/16/2009,1109,111.629997,40,18,1.50
11/17/2009,1110,111.970001,40,18,1.49
11/18/2009,1110,112.25,41,18,1.50
11/19/2009,1095,112.300003,40,18,1.49
11/20/2009,1091,112.940002,39,18,1.49
11/23/2009,1106,114.290001,39,18,1.50
11/24/2009,1106,114.730003,39,18,1.50
11/25/2009,1111,116.620003,40,19,1.51
11/27/2009,1091,115.059998,39,18,1.50
11/30/2009,1096,115.639999,39,18,1.50
12-01-2009,1109,117.379997,40,19,1.51
12-02-2009,1109,119.18,39,19,1.51
12-03-2009,1100,118.699997,39,19,1.51
12-04-2009,1106,113.75,38,18,1.49
12-07-2009,1103,113.110001,37,18,1.48
12-08-2009,1092,110.949997,37,17,1.47
12-09-2009,1096,110.839996,36,17,1.47
12-10-2009,1102,110.82,36,17,1.47
12-11-2009,1106,109.32,35,17,1.46
12/14/2009,1114,110.239998,36,17,1.47
12/15/2009,1108,110.209999,36,17,1.45
12/16/2009,1109,111.589996,37,17,1.45
12/17/2009,1096,107.339996,36,17,1.43
12/18/2009,1102,108.949997,37,17,1.43
12/21/2009,1114,106.949997,36,17,1.43
12/22/2009,1118,106.169998,37,17,1.43
12/23/2009,1121,106.550003,38,17,1.43
12/24/2009,1126,108.360001,38,17,1.44
12/28/2009,1128,108.550003,39,17,1.44
12/29/2009,1126,107.470001,39,17,1.43
12/30/2009,1126,106.93,39,17,1.43
12/31/2009,1115,107.309998,39,17,1.43
01-04-2010,1133,109.800003,40,17,1.44
01-05-2010,1137,109.699997,40,18,1.44
01-06-2010,1137,111.510002,41,18,1.44
01-07-2010,1142,110.82,41,18,1.43
01-08-2010,1145,111.370003,41,18,1.44
01-11-2010,1147,112.849998,41,18,1.45
01-12-2010,1136,110.489998,40,18,1.45
1/13/2010,1146,111.540001,39,18,1.45
1/14/2010,1148,112.029999,39,18,1.45
1/15/2010,1136,110.860001,38,18,1.44
1/19/2010,1150,111.519997,39,18,1.43
1/20/2010,1138,108.940002,38,18,1.41
1/21/2010,1116,107.370003,37,17,1.41
1/22/2010,1092,107.169998,36,17,1.41
1/25/2010,1097,107.480003,37,17,1.42
1/26/2010,1092,107.559998,37,16,1.41
1/27/2010,1098,106.529999,36,16,1.40
1/28/2010,1085,106.480003,36,16,1.40
1/29/2010,1074,105.959999,36,16,1.39
02-01-2010,1089,108.349998,37,16,1.39
02-02-2010,1103,109.129997,38,16,1.40
02-03-2010,1097,108.699997,38,16,1.39
02-04-2010,1063,104.370003,36,15,1.37
02-05-2010,1066,104.68,35,15,1.37
02-08-2010,1057,104.040001,35,15,1.37
02-09-2010,1071,105.410004,36,15,1.38
02-10-2010,1068,105.120003,37,15,1.38
02-11-2010,1078,107.129997,37,15,1.37
02-12-2010,1076,107.040001,36,15,1.36
2/16/2010,1095,109.620003,38,16,1.38
2/17/2010,1100,109.25,38,16,1.36
2/18/2010,1107,109.980003,39,16,1.35
2/19/2010,1109,109.470001,39,16,1.36
2/22/2010,1108,109.07,39,16,1.36
2/23/2010,1095,107.889999,38,16,1.35
2/24/2010,1105,107.360001,39,16,1.35
2/25/2010,1103,108.309998,38,16,1.35
2/26/2010,1104,109.43,39,16,1.36
03-01-2010,1116,109.43,38,16,1.36
03-02-2010,1118,111.019997,39,17,1.36
03-03-2010,1119,111.629997,39,17,1.37
03-04-2010,1123,110.830002,39,17,1.36
03-05-2010,1139,110.809998,40,17,1.36
03-08-2010,1139,109.879997,40,17,1.36
03-09-2010,1140,109.720001,40,17,1.36
03-10-2010,1146,108.470001,40,17,1.36
03-11-2010,1150,108.599998,40,17,1.37
03-12-2010,1150,107.949997,40,17,1.38
3/15/2010,1151,108.360001,39,17,1.37
3/16/2010,1159,110.400002,40,17,1.38
3/17/2010,1166,109.589996,40,17,1.37
3/18/2010,1166,110.339996,40,17,1.36
3/19/2010,1160,108.279999,39,17,1.35
3/22/2010,1166,107.75,40,17,1.36
3/23/2010,1174,108.32,40,17,1.35
3/24/2010,1168,106.300003,39,16,1.33
3/25/2010,1166,106.779999,39,16,1.33
3/26/2010,1167,108.589996,39,17,1.34
3/29/2010,1173,108.75,40,17,1.34
3/30/2010,1173,107.970001,40,17,1.35
3/31/2010,1169,108.949997,40,17,1.36
04-01-2010,1178,110.260002,41,18,1.35
04-05-2010,1187,110.889999,42,18,1.34
04-06-2010,1189,111.029999,42,18,1.33
04-07-2010,1182,112.489998,42,18,1.34
04-08-2010,1186,112.650002,41,18,1.35
04-12-2010,1196,113.010002,41,18,1.36
4/13/2010,1197,112.690002,41,18,1.37
4/14/2010,1211,113.029999,42,18,1.36
4/15/2010,1212,113.650002,42,18,1.35
4/19/2010,1198,111.150002,40,17,1.34
4/20/2010,1207,111.459999,40,17,1.34
4/21/2010,1206,112.309998,40,18,1.33
4/22/2010,1209,111.839996,40,18,1.34
4/26/2010,1212,112.75,40,18,1.32
4/27/2010,1184,114.629997,39,18,1.32
4/28/2010,1191,114.309998,40,18,1.33
4/29/2010,1207,114.279999,41,18,1.33
05-03-2010,1202,115.730003,41,18,1.30
05-04-2010,1174,114.870003,40,18,1.28
05-05-2010,1166,115.089996,38,17,1.26
05-06-2010,1128,118.489998,37,17,1.28
05-10-2010,1160,117.57,37,18,1.26
05-11-2010,1156,120.660004,37,19,1.26
05-12-2010,1172,121.400002,37,19,1.25
5/13/2010,1157,120.559998,36,19,1.24
5/17/2010,1137,119.360001,34,19,1.22
5/18/2010,1121,119.489998,33,19,1.24
5/19/2010,1115,116.629997,34,18,1.25
5/20/2010,1072,115.839996,32,17,1.26
5/24/2010,1074,116.839996,32,18,1.23
5/25/2010,1074,117.360001,32,18,1.22
5/26/2010,1068,118.470001,33,18,1.23
5/27/2010,1103,118.690002,34,18,1.23
06-01-2010,1071,119.910004,33,18,1.22
06-02-2010,1098,119.779999,34,18,1.22
06-03-2010,1103,117.959999,34,18,1.20
06-07-2010,1050,121.489998,33,18,1.20
06-08-2010,1062,121,33,18,1.20
06-09-2010,1056,120.559998,34,18,1.21
06-10-2010,1087,118.970001,35,18,1.21
6/14/2010,1090,119.599998,34,18,1.23
6/15/2010,1115,120.989998,35,18,1.23
6/16/2010,1115,120.330002,35,18,1.24
6/17/2010,1116,121.900002,35,18,1.24
6/21/2010,1113,120.389999,35,18,1.23
6/22/2010,1095,121.449997,35,18,1.23
6/23/2010,1092,120.949997,34,18,1.23
6/24/2010,1074,121.300003,34,18,1.24
6/28/2010,1075,121.089996,35,18,1.22
6/29/2010,1041,121.269997,34,18,1.22
6/30/2010,1031,121.68,34,18,1.25
07-01-2010,1027,117.040001,33,17,1.26
07-06-2010,1028,116.510002,33,17,1.26
07-07-2010,1060,117.730003,34,18,1.27
07-08-2010,1070,117.209999,34,18,1.26
07-12-2010,1079,117.339996,34,18,1.27
7/13/2010,1095,118.360001,35,18,1.27
7/14/2010,1095,118.300003,35,18,1.29
7/15/2010,1096,118.230003,35,18,1.29
7/19/2010,1071,115.730003,34,17,1.29
7/20/2010,1083,116.650002,35,17,1.28
7/21/2010,1070,115.849998,34,17,1.29
7/22/2010,1094,116.860001,35,18,1.29
7/26/2010,1115,115.519997,35,18,1.30
7/27/2010,1114,113.510002,35,17,1.30
7/28/2010,1106,113.779999,34,17,1.31
7/29/2010,1102,114.290001,35,17,1.30
08-02-2010,1126,115.540001,36,18,1.32
08-03-2010,1120,115.989998,37,18,1.32
08-04-2010,1127,116.720001,37,18,1.32
08-05-2010,1126,116.980003,37,18,1.32
08-09-2010,1128,117.400002,37,18,1.32
08-10-2010,1121,117.730003,36,18,1.32
08-11-2010,1089,117.339996,35,18,1.28
08-12-2010,1084,118.769997,34,18,1.28
8/16/2010,1079,119.730003,34,18,1.28
8/17/2010,1093,119.75,34,18,1.29
8/18/2010,1094,120.220001,34,18,1.29
8/19/2010,1076,120.389999,33,18,1.28
8/23/2010,1067,119.779999,32,18,1.26
8/24/2010,1052,120.360001,32,18,1.26
8/25/2010,1055,121.360001,32,19,1.27
8/26/2010,1047,120.959999,33,19,1.27
8/30/2010,1049,120.910004,33,19,1.27
8/31/2010,1049,122.080002,32,19,1.27
09-01-2010,1080,121.690002,33,19,1.28
09-02-2010,1090,122.290001,33,19,1.28
09-07-2010,1092,122.699997,33,19,1.27
09-08-2010,1099,122.709999,33,20,1.27
09-09-2010,1104,121.559998,33,19,1.27
9/13/2010,1122,121.620003,34,20,1.29
9/14/2010,1121,124.019997,34,20,1.30
9/15/2010,1125,123.940002,33,20,1.30
9/16/2010,1125,124.629997,33,20,1.31
9/20/2010,1143,124.870003,33,20,1.31
9/21/2010,1140,126.010002,33,21,1.33
9/22/2010,1134,126.199997,33,21,1.34
9/23/2010,1125,126.300003,33,21,1.33
9/27/2010,1142,126.720001,33,21,1.34
9/28/2010,1148,127.849998,33,21,1.36
9/29/2010,1145,127.949997,34,21,1.36
9/30/2010,1141,127.910004,35,21,1.36
10-04-2010,1137,128.460007,36,22,1.37
10-05-2010,1161,130.990005,36,22,1.38
10-06-2010,1160,131.809998,36,23,1.39
10-07-2010,1158,130.369995,35,22,1.39
10-11-2010,1165,132.289993,36,23,1.39
10-12-2010,1170,131.960007,36,23,1.39
10/13/2010,1178,134.070007,36,23,1.40
10/14/2010,1174,134.75,36,24,1.41
10/18/2010,1185,134.279999,36,24,1.39
10/19/2010,1166,130.110001,35,23,1.37
10/20/2010,1178,131.320007,36,23,1.40
10/21/2010,1180,129.470001,35,23,1.39
10/25/2010,1186,130.850006,36,23,1.39
10/26/2010,1186,130.880005,36,23,1.39
10/27/2010,1182,129.520004,35,23,1.38
10/28/2010,1184,131.240005,35,23,1.38
11-01-2010,1184,131.919998,36,24,1.40
11-02-2010,1194,132.490005,36,24,1.39
11-03-2010,1198,131.570007,37,24,1.40
11-04-2010,1221,136.029999,37,26,1.41
11-05-2010,1226,136.380005,38,26,1.42
11-08-2010,1223,137.779999,38,27,1.41
11-09-2010,1213,135.589996,37,26,1.39
11-10-2010,1219,137.240005,38,27,1.38
11-11-2010,1214,137.660004,38,27,1.38
11-12-2010,1199,133.690002,36,26,1.36
11/15/2010,1198,132.419998,37,25,1.37
11/16/2010,1178,130.970001,35,25,1.36
11/17/2010,1179,130.380005,35,25,1.35
11/18/2010,1197,132.089996,36,26,1.36
11/19/2010,1200,132.199997,35,27,1.37
11/22/2010,1198,133.479996,35,27,1.37
11/23/2010,1181,134.410004,35,27,1.36
11/24/2010,1198,134.179993,36,27,1.34
11/26/2010,1189,133.110001,36,26,1.33
11/29/2010,1188,133.509995,37,27,1.32
11/30/2010,1181,135.419998,36,27,1.31
12-01-2010,1206,135.380005,37,28,1.30
12-02-2010,1222,135.199997,38,28,1.31
12-03-2010,1225,138.070007,38,29,1.32
12-06-2010,1223,139.110001,38,30,1.34
12-07-2010,1224,136.5,38,28,1.33
12-08-2010,1228,134.789993,38,28,1.32
12-09-2010,1233,135.369995,38,28,1.33
12-10-2010,1240,135.410004,38,28,1.32
12/13/2010,1240,136.050003,38,29,1.32
12/14/2010,1242,136.179993,38,29,1.34
12/15/2010,1235,134.699997,38,28,1.34
12/16/2010,1243,133.809998,38,28,1.32
12/17/2010,1244,134.199997,38,29,1.32
12/20/2010,1247,135.110001,38,29,1.32
12/21/2010,1255,135.320007,38,29,1.31
12/22/2010,1259,135.050003,39,29,1.31
12/23/2010,1257,134.660004,39,29,1.31
12/27/2010,1258,135.020004,39,29,1.31
12/28/2010,1259,137.220001,39,30,1.32
12/29/2010,1260,137.710007,39,30,1.31
12/30/2010,1258,137.029999,38,30,1.32
12/31/2010,1258,138.720001,39,30,1.33
01-03-2011,1272,138,39,30,1.34
01-04-2011,1270,134.75,38,29,1.34
01-05-2011,1277,134.369995,39,29,1.33
01-06-2011,1274,133.830002,38,28,1.32
01-07-2011,1272,133.580002,38,28,1.30
01-10-2011,1270,134.119995,38,28,1.29
01-11-2011,1274,134.910004,39,29,1.30
01-12-2011,1286,135.460007,39,29,1.30
1/13/2011,1284,134.050003,39,28,1.31
1/14/2011,1293,132.690002,39,28,1.34
1/18/2011,1295,133.429993,39,28,1.33
1/19/2011,1282,133.720001,39,28,1.34
1/20/2011,1280,131.199997,38,27,1.35
1/21/2011,1283,131.029999,38,27,1.35
1/24/2011,1291,130.360001,37,26,1.36
1/25/2011,1291,130.100006,36,26,1.36
1/26/2011,1297,131.160004,37,27,1.37
1/27/2011,1300,127.93,36,26,1.37
1/28/2011,1276,130.279999,38,27,1.37
1/31/2011,1286,129.869995,39,27,1.36
02-01-2011,1308,130.800003,38,28,1.37
02-02-2011,1304,130.449997,38,28,1.38
02-03-2011,1307,132.199997,38,28,1.38
02-04-2011,1311,131.660004,37,28,1.36
02-07-2011,1319,131.679993,37,29,1.36
02-08-2011,1325,133.139999,37,30,1.36
02-09-2011,1321,133.070007,37,30,1.36
02-10-2011,1322,132.850006,37,29,1.37
02-11-2011,1329,132.320007,36,29,1.36
2/14/2011,1332,132.949997,36,30,1.35
2/15/2011,1328,133.970001,35,30,1.35
2/16/2011,1336,134.100006,36,30,1.35
2/17/2011,1340,135.039993,36,31,1.36
2/18/2011,1343,135.410004,36,32,1.36
2/22/2011,1315,136.289993,38,32,1.37
2/23/2011,1307,137.509995,40,33,1.37
2/24/2011,1306,136.479996,39,31,1.38
2/25/2011,1320,137.380005,40,33,1.38
2/28/2011,1327,137.660004,39,33,1.37
03-01-2011,1306,140.029999,40,34,1.38
03-02-2011,1308,139.919998,41,34,1.38
03-03-2011,1331,138.089996,41,33,1.39
03-04-2011,1321,139.350006,42,35,1.40
03-07-2011,1310,139.720001,42,35,1.40
03-08-2011,1322,139.360001,42,35,1.40
03-09-2011,1320,139.410004,42,35,1.39
03-10-2011,1295,137.770004,41,34,1.39
03-11-2011,1304,138.220001,41,35,1.38
3/14/2011,1296,138.860001,41,35,1.39
3/15/2011,1282,136.270004,39,34,1.40
3/16/2011,1257,136.240005,40,33,1.40
3/17/2011,1274,136.970001,41,34,1.39
3/18/2011,1279,138.369995,41,34,1.40
3/21/2011,1298,139.139999,41,35,1.42
3/22/2011,1294,139.050003,42,36,1.42
3/23/2011,1298,140.339996,42,36,1.42
3/24/2011,1310,139.220001,42,36,1.41
3/25/2011,1314,139.259995,42,36,1.42
3/28/2011,1310,138.539993,41,36,1.41
3/29/2011,1319,138.210007,42,36,1.41
3/30/2011,1328,138.669998,42,37,1.41
3/31/2011,1326,139.860001,43,37,1.42
04-04-2011,1333,139.839996,43,38,1.42
04-05-2011,1333,142.050003,43,38,1.42
04-06-2011,1336,142.380005,43,39,1.43
04-07-2011,1334,142.509995,44,39,1.43
04-11-2011,1324,142.639999,44,39,1.44
04-12-2011,1314,141.610001,42,39,1.45
4/13/2011,1314,141.899994,43,40,1.44
4/14/2011,1315,143.809998,43,41,1.44
4/18/2011,1305,145.929993,43,42,1.42
4/19/2011,1313,145.929993,43,43,1.43
4/20/2011,1330,146.5,44,44,1.45
4/21/2011,1337,146.740005,45,46,1.46
4/25/2011,1335,146.869995,45,46,1.46
4/26/2011,1347,146.380005,44,44,1.47
4/27/2011,1356,149.199997,45,47,1.48
4/28/2011,1360,149.820007,45,47,1.48
05-02-2011,1361,150.410004,45,43,1.48
05-03-2011,1357,149.880005,44,41,1.48
05-04-2011,1347,147.729996,43,38,1.48
05-05-2011,1335,143.470001,39,34,1.45
05-09-2011,1346,147.380005,41,37,1.44
05-10-2011,1357,147.899994,41,38,1.44
05-11-2011,1342,146.539993,39,34,1.42
05-12-2011,1349,146.589996,39,33,1.42
5/16/2011,1329,145.369995,39,33,1.42
5/17/2011,1329,144.740005,39,33,1.43
5/18/2011,1341,145.600006,40,34,1.43
5/19/2011,1344,145.649994,39,34,1.43
5/23/2011,1317,147.830002,38,34,1.40
5/24/2011,1316,148.589996,39,36,1.41
5/25/2011,1320,148.580002,40,37,1.41
5/26/2011,1326,148.220001,40,37,1.41
5/31/2011,1345,149.639999,41,38,1.44
06-01-2011,1315,149.910004,40,36,1.43
06-02-2011,1313,149.5,40,35,1.45
06-06-2011,1286,150.479996,39,36,1.46
06-07-2011,1285,150.419998,39,36,1.47
06-08-2011,1280,149.809998,40,36,1.46
06-09-2011,1289,150.559998,40,37,1.45
6/13/2011,1272,147.770004,38,34,1.44
6/14/2011,1288,148.669998,39,35,1.45
6/15/2011,1265,149.119995,38,35,1.42
6/16/2011,1268,148.970001,37,35,1.42
6/20/2011,1278,150.029999,37,35,1.43
6/21/2011,1296,150.759995,37,36,1.44
6/22/2011,1287,150.990005,37,36,1.43
6/23/2011,1284,148.339996,36,34,1.43
6/27/2011,1280,145.729996,36,33,1.43
6/28/2011,1297,146.240005,36,33,1.44
6/29/2011,1307,147.179993,37,34,1.45
6/30/2011,1321,146,37,34,1.45
07-05-2011,1338,147.630005,38,35,1.44
07-06-2011,1339,148.910004,38,35,1.43
07-07-2011,1353,149.149994,39,36,1.44
07-11-2011,1319,151.589996,37,35,1.40
07-12-2011,1314,152.770004,38,35,1.40
7/13/2011,1318,154.139999,38,37,1.42
7/14/2011,1309,154.539993,38,37,1.42
7/18/2011,1305,156.570007,38,39,1.41
7/19/2011,1327,154.660004,38,38,1.42
7/20/2011,1326,156.020004,38,39,1.43
7/21/2011,1344,154.830002,39,38,1.44
7/25/2011,1337,157.339996,39,39,1.44
7/26/2011,1332,157.770004,39,40,1.45
7/27/2011,1305,157.190002,38,39,1.44
7/28/2011,1301,157.320007,38,39,1.43
08-01-2011,1287,157.720001,37,38,1.43
08-02-2011,1254,161.520004,36,40,1.42
08-03-2011,1260,161.490005,36,41,1.44
08-04-2011,1200,160.639999,34,38,1.41
08-08-2011,1119,167.119995,32,38,1.42
08-09-2011,1173,168.610001,32,36,1.44
08-10-2011,1121,174.580002,32,38,1.41
08-11-2011,1173,170.75,33,38,1.42
8/15/2011,1204,171.800003,34,39,1.44
8/16/2011,1193,173.919998,34,39,1.44
8/17/2011,1194,174.419998,34,39,1.44
8/18/2011,1141,177.720001,32,40,1.43
8/22/2011,1124,184.589996,33,43,1.44
8/23/2011,1162,177.669998,33,41,1.44
8/24/2011,1178,171.649994,33,39,1.44
8/25/2011,1159,172.360001,33,40,1.44
8/29/2011,1210,173.889999,34,40,1.45
8/30/2011,1213,179.100006,34,40,1.44
8/31/2011,1219,177.720001,35,40,1.44
09-01-2011,1204,177.869995,34,41,1.43
09-06-2011,1165,182.899994,34,41,1.40
09-07-2011,1199,177.080002,35,41,1.41
09-08-2011,1186,181.809998,34,41,1.39
09-12-2011,1162,176.669998,34,39,1.37
9/13/2011,1173,178.539993,35,40,1.37
9/14/2011,1189,177.210007,34,40,1.37
9/15/2011,1209,174.399994,35,39,1.39
9/19/2011,1204,173.309998,33,39,1.36
9/20/2011,1202,175.779999,33,39,1.37
9/21/2011,1167,173.589996,33,39,1.36
9/22/2011,1130,169.050003,31,35,1.35
9/26/2011,1163,157.580002,31,30,1.35
9/27/2011,1175,160.630005,32,31,1.36
9/28/2011,1151,156.220001,31,29,1.35
9/29/2011,1160,157.699997,32,30,1.36
10-03-2011,1099,160.960007,30,29,1.32
10-04-2011,1124,157.639999,30,29,1.33
10-05-2011,1144,159.460007,31,30,1.33
10-06-2011,1165,160.490005,32,31,1.34
10-10-2011,1195,163.270004,33,31,1.36
10-11-2011,1196,162.100006,33,31,1.36
10-12-2011,1207,163.259995,33,32,1.38
10/13/2011,1204,162.300003,33,31,1.37
10/17/2011,1201,162.619995,33,31,1.37
10/18/2011,1225,161.839996,34,31,1.37
10/19/2011,1210,159.869995,33,30,1.38
10/20/2011,1215,157.770004,33,30,1.38
10/24/2011,1254,161.020004,35,31,1.39
10/25/2011,1229,165.589996,36,32,1.39
10/26/2011,1242,167.399994,35,33,1.39
10/27/2011,1285,169.550003,36,34,1.42
10/31/2011,1253,167.339996,36,33,1.41
11-01-2011,1218,167.380005,35,32,1.39
11-02-2011,1238,169.059998,36,33,1.37
11-03-2011,1261,171.720001,36,34,1.37
11-04-2011,1253,170.850006,36,33,1.38
11-07-2011,1261,174.979996,37,34,1.38
11-08-2011,1276,173.529999,37,34,1.38
11-09-2011,1229,172.070007,37,33,1.38
11-10-2011,1240,171.139999,38,33,1.35
11-11-2011,1264,173.960007,38,34,1.36
11/14/2011,1252,173.199997,38,33,1.38
11/15/2011,1258,173.360001,38,34,1.36
11/16/2011,1237,171.509995,39,33,1.35
11/17/2011,1216,167.100006,38,31,1.34
11/18/2011,1216,167.619995,38,31,1.35
11/21/2011,1193,163.5,38,31,1.35
11/22/2011,1188,165.309998,38,32,1.35
11/23/2011,1162,164.830002,37,31,1.35
11/25/2011,1159,163.399994,37,30,1.33
11/28/2011,1193,166.630005,38,31,1.33
11/29/2011,1195,166.880005,39,31,1.33
11/30/2011,1247,170.130005,39,32,1.33
12-01-2011,1245,169.630005,39,32,1.34
12-02-2011,1244,169.820007,39,32,1.35
12-05-2011,1257,167.320007,39,31,1.34
12-06-2011,1258,168.179993,39,32,1.34
12-07-2011,1261,169.399994,39,32,1.34
12-08-2011,1234,165.979996,38,31,1.34
12-09-2011,1255,166.399994,39,31,1.33
12-12-2011,1236,161.990005,38,30,1.34
12/13/2011,1226,158.449997,39,30,1.32
12/14/2011,1212,152.889999,37,28,1.30
12/15/2011,1216,152.330002,36,28,1.30
12/16/2011,1220,155.229996,36,29,1.30
12/19/2011,1205,154.869995,36,28,1.30
12/20/2011,1241,156.979996,38,29,1.30
12/21/2011,1244,157.160004,38,29,1.31
12/22/2011,1254,156.039993,38,28,1.30
12/23/2011,1265,156.309998,38,28,1.31
12/27/2011,1265,154.910004,39,28,1.31
12/28/2011,1250,151.029999,38,26,1.31
12/29/2011,1263,150.339996,38,27,1.29
12/30/2011,1258,151.990005,38,27,1.30
01-03-2012,1277,155.919998,40,29,1.29
01-04-2012,1277,156.710007,40,28,1.31
01-05-2012,1281,157.779999,39,29,1.29
01-06-2012,1278,157.199997,39,28,1.28
01-09-2012,1281,156.5,39,28,1.27
01-10-2012,1292,158.639999,39,29,1.28
01-11-2012,1292,159.669998,39,29,1.28
01-12-2012,1296,160.380005,38,29,1.27
1/13/2012,1289,159.259995,38,29,1.28
1/17/2012,1294,160.5,39,29,1.27
1/18/2012,1308,161.600006,39,30,1.27
1/19/2012,1315,161.220001,39,30,1.29
1/20/2012,1315,162.070007,38,31,1.30
1/23/2012,1316,163.160004,38,31,1.29
1/24/2012,1315,162.009995,38,31,1.30
1/25/2012,1326,166.419998,38,32,1.30
1/26/2012,1318,167.270004,38,32,1.31
1/27/2012,1316,168.970001,38,33,1.31
1/30/2012,1313,168.029999,38,33,1.32
1/31/2012,1312,169.309998,38,32,1.31
02-01-2012,1324,169.559998,37,33,1.31
02-02-2012,1326,171.050003,37,33,1.32
02-03-2012,1345,167.639999,38,33,1.31
02-06-2012,1344,167.179993,37,33,1.31
02-07-2012,1347,169.699997,38,33,1.31
02-08-2012,1350,168.5,38,33,1.32
02-09-2012,1352,168.020004,38,33,1.32
02-10-2012,1343,167.139999,38,33,1.33
2/13/2012,1352,167.509995,39,33,1.32
2/14/2012,1351,167.119995,39,33,1.32
2/15/2012,1343,168.110001,39,32,1.31
2/16/2012,1358,168,39,33,1.31
2/17/2012,1361,167.350006,40,32,1.31
2/21/2012,1362,171.020004,41,33,1.32
2/22/2012,1358,172.940002,41,33,1.32
2/23/2012,1363,173.020004,41,34,1.33
2/24/2012,1366,172.229996,42,34,1.34
2/27/2012,1368,171.699997,41,34,1.35
2/28/2012,1372,173.490005,41,36,1.34
2/29/2012,1366,164.289993,41,34,1.35
03-01-2012,1374,166.610001,42,34,1.33
03-02-2012,1370,166.339996,41,34,1.33
03-05-2012,1364,165.649994,41,33,1.32
03-06-2012,1343,162.699997,40,32,1.32
03-07-2012,1353,163.630005,41,32,1.31
03-08-2012,1366,165.279999,41,33,1.31
03-09-2012,1371,166.380005,41,33,1.33
03-12-2012,1371,165.070007,41,33,1.31
3/13/2012,1396,162.300003,41,32,1.32
3/14/2012,1394,159.570007,40,31,1.31
3/15/2012,1403,161.080002,40,32,1.30
3/16/2012,1404,161.300003,41,32,1.31
3/19/2012,1410,161.589996,41,32,1.32
3/20/2012,1406,160.130005,40,31,1.32
3/21/2012,1403,160.210007,41,31,1.32
3/22/2012,1393,159.570007,40,31,1.32
3/23/2012,1397,161.529999,41,31,1.32
3/26/2012,1417,164.399994,41,32,1.34
3/27/2012,1413,163.240005,41,32,1.33
3/28/2012,1406,161.509995,40,31,1.33
3/29/2012,1403,161.279999,39,31,1.33
04-02-2012,1419,162.940002,40,32,1.33
04-03-2012,1413,159.889999,40,32,1.32
04-04-2012,1399,157.210007,39,30,1.31
04-05-2012,1398,158.309998,39,31,1.31
04-09-2012,1382,159.369995,39,31,1.31
04-10-2012,1359,161.100006,39,31,1.31
04-11-2012,1369,161.070007,39,31,1.31
04-12-2012,1388,162.699997,39,31,1.32
4/16/2012,1370,160.460007,39,31,1.31
4/17/2012,1391,160.25,40,31,1.31
4/18/2012,1385,159.309998,39,31,1.31
4/19/2012,1377,159.429993,39,31,1.31
4/23/2012,1367,159.070007,39,30,1.32
4/24/2012,1372,159.300003,39,30,1.32
4/25/2012,1391,159.619995,39,30,1.32
4/26/2012,1400,161.029999,40,30,1.32
4/30/2012,1398,161.880005,40,30,1.32
05-01-2012,1406,161.320007,40,30,1.32
05-02-2012,1402,160.589996,40,30,1.31
05-03-2012,1392,158.970001,39,29,1.32
05-07-2012,1370,159.080002,37,29,1.31
05-08-2012,1364,156,37,29,1.30
05-09-2012,1355,154.470001,37,28,1.29
05-10-2012,1358,154.770004,37,28,1.29
5/14/2012,1338,151.330002,36,27,1.28
5/15/2012,1331,149.740005,35,27,1.27
5/16/2012,1325,149.460007,35,26,1.27
5/17/2012,1305,152.800003,35,27,1.27
5/21/2012,1316,154.649994,35,28,1.28
5/22/2012,1317,152.080002,34,27,1.27
5/23/2012,1319,151.619995,34,27,1.26
5/24/2012,1321,151.410004,34,27,1.25
5/29/2012,1332,151.020004,34,27,1.25
5/30/2012,1313,151.910004,33,27,1.24
5/31/2012,1310,151.619995,33,27,1.24
06-04-2012,1278,157.320007,32,27,1.25
06-05-2012,1286,157.139999,32,28,1.25
06-06-2012,1315,157.210007,32,29,1.26
06-07-2012,1315,154.5,32,28,1.26
06-11-2012,1309,155.360001,31,28,1.25
06-12-2012,1324,156.460007,31,28,1.25
6/13/2012,1315,157.119995,31,28,1.26
6/14/2012,1329,157.75,32,28,1.26
6/18/2012,1345,157.929993,31,28,1.26
6/19/2012,1358,157.160004,32,28,1.27
6/20/2012,1356,155.970001,30,27,1.27
6/21/2012,1326,152.020004,29,26,1.26
6/25/2012,1314,153.759995,30,27,1.25
6/26/2012,1320,152.619995,30,26,1.25
6/27/2012,1332,152.830002,30,26,1.25
6/28/2012,1329,151.050003,30,26,1.24
07-02-2012,1366,155.089996,31,27,1.26
07-03-2012,1374,157.460007,33,27,1.26
07-05-2012,1368,155.679993,33,27,1.24
07-09-2012,1352,154.039993,32,27,1.23
07-10-2012,1341,152.149994,32,26,1.23
07-11-2012,1341,152.990005,32,26,1.22
07-12-2012,1335,152.589996,32,26,1.22
7/16/2012,1354,154.210007,33,26,1.23
7/17/2012,1364,153.470001,33,26,1.23
7/18/2012,1373,153.050003,34,26,1.23
7/19/2012,1377,153.380005,35,26,1.23
7/23/2012,1351,153.029999,33,26,1.21
7/24/2012,1338,153.520004,33,26,1.21
7/25/2012,1338,155.669998,33,27,1.21
7/26/2012,1360,156.770004,33,27,1.23
7/30/2012,1385,157.429993,33,27,1.23
7/31/2012,1379,156.490005,33,27,1.23
08-01-2012,1375,155.139999,33,27,1.22
08-02-2012,1365,154.130005,33,26,1.22
08-06-2012,1394,156.300003,34,27,1.24
08-07-2012,1401,156.279999,35,27,1.24
08-08-2012,1402,156.479996,35,27,1.24
08-09-2012,1403,156.990005,35,27,1.23
8/13/2012,1404,155.990005,35,27,1.23
8/14/2012,1404,155.130005,35,27,1.23
8/15/2012,1406,155.630005,35,27,1.23
8/16/2012,1416,156.559998,36,27,1.24
8/20/2012,1418,157.259995,36,28,1.24
8/21/2012,1413,158.830002,36,28,1.25
8/22/2012,1413,160.539993,36,29,1.25
8/23/2012,1402,161.889999,36,30,1.26
8/27/2012,1410,161.360001,36,30,1.25
8/28/2012,1409,161.639999,36,30,1.26
8/29/2012,1410,160.589996,35,30,1.25
8/30/2012,1399,160.520004,35,29,1.25
09-04-2012,1405,164.479996,36,31,1.25
09-05-2012,1403,164.309998,36,31,1.26
09-06-2012,1432,164.889999,35,32,1.26
09-10-2012,1429,167.289993,36,32,1.28
09-11-2012,1434,167.899994,36,32,1.29
09-12-2012,1437,167.919998,36,32,1.29
9/13/2012,1460,171.309998,37,34,1.30
9/17/2012,1461,170.399994,36,33,1.31
9/18/2012,1459,171.720001,36,34,1.30
9/19/2012,1461,171.740005,34,34,1.31
9/20/2012,1460,171.470001,35,34,1.30
9/24/2012,1457,171.050003,34,33,1.29
9/25/2012,1442,170.770004,34,33,1.29
9/26/2012,1433,169.809998,33,33,1.29
9/27/2012,1447,172.339996,34,34,1.29
10-01-2012,1444,172.289993,34,34,1.29
10-02-2012,1446,172.100006,34,34,1.29
10-03-2012,1451,172.410004,33,34,1.29
10-04-2012,1461,173.610001,34,34,1.30
10-08-2012,1456,172.050003,33,33,1.30
10-09-2012,1441,170.990005,34,33,1.29
10-10-2012,1433,170.839996,34,33,1.29
10-11-2012,1433,171.320007,34,33,1.29
10/15/2012,1440,168.350006,34,32,1.30
10/16/2012,1455,169.419998,34,32,1.31
10/17/2012,1461,169.539993,34,32,1.31
10/18/2012,1457,168.789993,34,32,1.31
10/22/2012,1434,167.580002,33,31,1.31
10/23/2012,1413,165.429993,32,31,1.30
10/24/2012,1409,164.860001,32,31,1.30
10/25/2012,1413,166.020004,32,31,1.29
10/31/2012,1412,166.830002,32,31,1.30
11-01-2012,1428,166.070007,32,31,1.30
11-02-2012,1414,162.600006,31,30,1.29
11-05-2012,1417,163.229996,32,30,1.28
11-06-2012,1428,166.300003,33,31,1.28
11-07-2012,1395,166.490005,31,31,1.28
11-08-2012,1378,167.990005,31,31,1.28
11-09-2012,1380,167.820007,32,32,1.27
11-12-2012,1380,167.449997,32,31,1.27
11/13/2012,1375,167.100006,31,31,1.27
11/14/2012,1355,167.139999,32,32,1.27
11/15/2012,1353,166.089996,31,32,1.27
11/16/2012,1360,165.880005,32,31,1.28
11/19/2012,1387,167.869995,33,32,1.28
11/20/2012,1388,167.389999,32,32,1.28
11/21/2012,1391,167.559998,32,32,1.28
11/23/2012,1409,169.610001,32,33,1.29
11/26/2012,1406,169.429993,32,33,1.30
11/27/2012,1399,168.710007,32,33,1.30
11/28/2012,1410,166.550003,32,33,1.29
11/29/2012,1416,167.179993,32,33,1.30
11/30/2012,1416,166.050003,33,32,1.30
12-03-2012,1409,166.130005,33,33,1.30
12-05-2012,1409,164.119995,32,32,1.31
12-06-2012,1414,164.5,32,32,1.31
12-07-2012,1418,165.160004,32,32,1.30
12-10-2012,1419,165.800003,31,32,1.29
12-11-2012,1428,165.649994,31,32,1.29
12-12-2012,1428,165.770004,32,32,1.30
12/13/2012,1419,164.369995,32,32,1.31
12/14/2012,1414,164.130005,32,31,1.31
12/17/2012,1430,164.440002,32,31,1.32
12/18/2012,1447,162.080002,32,31,1.32
12/19/2012,1436,161.690002,33,30,1.32
12/20/2012,1444,159.729996,33,29,1.32
12/21/2012,1430,160.330002,32,29,1.32
12/24/2012,1427,160.619995,32,29,1.32
12/26/2012,1420,160.779999,33,29,1.32
12/27/2012,1418,161.160004,33,29,1.32
12/28/2012,1402,160.539993,33,29,1.33
12/31/2012,1426,162.020004,33,29,1.32
01-02-2013,1462,163.169998,34,30,1.32
01-03-2013,1459,161.199997,34,29,1.32
01-04-2013,1466,160.440002,34,29,1.30
01-07-2013,1462,159.429993,34,29,1.31
01-08-2013,1457,160.559998,34,29,1.31
01-09-2013,1461,160.490005,34,29,1.31
01-10-2013,1472,161.979996,34,30,1.31
01-11-2013,1472,161.059998,34,29,1.33
1/14/2013,1471,161.539993,34,30,1.34
1/15/2013,1472,162.559998,34,30,1.34
1/16/2013,1473,162.649994,34,30,1.33
1/17/2013,1481,163.350006,35,31,1.33
1/18/2013,1486,163.089996,35,31,1.34
1/22/2013,1493,163.669998,35,31,1.33
1/23/2013,1495,163.210007,35,31,1.33
1/24/2013,1495,161.419998,35,31,1.33
1/25/2013,1503,160.649994,35,30,1.34
1/28/2013,1500,160.289993,35,30,1.35
1/29/2013,1508,160.990005,35,30,1.34
1/30/2013,1502,162.190002,35,31,1.35
1/31/2013,1498,161.199997,35,30,1.36
02-01-2013,1513,161.449997,35,31,1.36
02-04-2013,1496,162,35,31,1.36
02-05-2013,1511,161.960007,35,31,1.35
02-06-2013,1512,162.389999,35,31,1.36
02-07-2013,1509,161.839996,35,30,1.35
02-08-2013,1518,161.570007,35,30,1.34
02-11-2013,1517,159.699997,35,30,1.34
02-12-2013,1519,159.889999,35,30,1.34
2/13/2013,1520,159.050003,35,30,1.35
2/14/2013,1521,158.350006,35,29,1.34
2/15/2013,1520,155.759995,35,29,1.34
2/19/2013,1531,155.330002,35,28,1.33
2/20/2013,1512,151.440002,34,28,1.34
2/21/2013,1502,152.619995,33,28,1.33
2/22/2013,1516,152.970001,34,28,1.32
2/25/2013,1488,154.339996,33,28,1.32
2/26/2013,1497,156.220001,33,28,1.31
2/27/2013,1516,154.570007,33,28,1.31
2/28/2013,1515,153,33,28,1.32
03-01-2013,1518,152.440002,33,28,1.31
03-04-2013,1525,152.300003,32,28,1.30
03-05-2013,1540,152.380005,33,28,1.30
03-06-2013,1541,153.229996,33,28,1.30
03-07-2013,1544,152.690002,33,28,1.30
03-08-2013,1551,152.710007,33,28,1.31
03-11-2013,1556,152.990005,33,28,1.30
03-12-2013,1552,154.190002,33,28,1.30
3/13/2013,1555,153.660004,33,28,1.30
3/14/2013,1563,153.679993,33,28,1.30
3/15/2013,1561,154,34,28,1.30
3/18/2013,1552,155.380005,34,28,1.29
3/19/2013,1548,156.080002,33,28,1.29
3/20/2013,1559,155.369995,33,28,1.29
3/21/2013,1546,156.25,33,28,1.29
3/22/2013,1557,155.550003,34,28,1.29
3/25/2013,1552,155.240005,34,28,1.30
3/26/2013,1564,154.720001,34,28,1.29
3/27/2013,1563,155.360001,35,28,1.29
3/28/2013,1569,154.449997,35,27,1.28
04-01-2013,1562,154.669998,35,27,1.29
04-02-2013,1570,152.429993,35,26,1.28
04-03-2013,1554,150.729996,34,26,1.29
04-04-2013,1560,150.289993,33,26,1.29
04-08-2013,1563,152.160004,33,26,1.30
04-09-2013,1569,153.339996,34,27,1.31
04-10-2013,1588,150.75,34,27,1.31
04-11-2013,1593,151.050003,33,27,1.31
4/15/2013,1552,131.309998,31,22,1.31
4/16/2013,1575,132.800003,32,23,1.32
4/17/2013,1552,132.869995,31,22,1.30
4/18/2013,1542,134.300003,32,22,1.31
4/22/2013,1563,137.899994,32,23,1.31
4/23/2013,1579,136.880005,32,22,1.30
4/24/2013,1579,138.369995,33,22,1.30
4/25/2013,1585,141.630005,33,23,1.30
4/29/2013,1594,142.300003,34,24,1.31
4/30/2013,1598,142.770004,33,23,1.32
05-01-2013,1583,141.110001,32,23,1.32
05-02-2013,1598,141.919998,33,23,1.31
05-06-2013,1618,142.149994,34,23,1.31
05-07-2013,1626,140.380005,34,23,1.31
05-08-2013,1633,142.460007,34,23,1.32
05-09-2013,1627,140.809998,34,23,1.30
5/13/2013,1634,138.429993,34,23,1.30
5/14/2013,1650,137.809998,34,23,1.29
5/15/2013,1659,134.630005,34,22,1.29
5/16/2013,1650,134.089996,34,22,1.29
5/20/2013,1666,135.119995,34,22,1.29
5/21/2013,1669,132.880005,34,22,1.29
5/22/2013,1655,131.940002,33,22,1.28
5/23/2013,1651,134.610001,34,22,1.29
5/28/2013,1660,133.490005,34,22,1.28
5/29/2013,1648,134.830002,33,22,1.29
5/30/2013,1654,136.699997,33,22,1.30
06-03-2013,1640,136.509995,33,22,1.31
06-04-2013,1631,135.229996,33,22,1.31
06-05-2013,1609,135.520004,33,22,1.31
06-06-2013,1623,136.529999,34,22,1.32
06-10-2013,1643,133.940002,34,21,1.32
06-11-2013,1626,133.25,34,21,1.32
06-12-2013,1613,134.25,34,21,1.33
6/13/2013,1636,133.740005,34,21,1.34
6/17/2013,1639,133.770004,35,21,1.34
6/18/2013,1652,132.130005,35,21,1.34
6/19/2013,1629,130.589996,35,21,1.33
6/20/2013,1588,123.599998,34,19,1.32
6/24/2013,1573,123.93,34,19,1.31
6/25/2013,1588,123.470001,34,19,1.31
6/26/2013,1603,118.279999,34,18,1.30
6/27/2013,1613,115.940002,34,18,1.30
07-01-2013,1615,121.129997,35,19,1.31
07-02-2013,1614,120.050003,35,19,1.30
07-03-2013,1615,120.739998,36,19,1.30
07-08-2013,1640,119.510002,36,18,1.29
07-09-2013,1652,120.620003,37,19,1.28
07-10-2013,1653,120.949997,37,18,1.32
07-11-2013,1675,124.239998,37,19,1.31
7/15/2013,1683,124.18,38,19,1.31
7/16/2013,1676,124.889999,37,19,1.32
7/17/2013,1681,123.32,38,19,1.31
7/18/2013,1689,124.010002,38,19,1.31
7/22/2013,1696,128.839996,38,20,1.32
7/23/2013,1692,129.710007,38,20,1.32
7/24/2013,1686,127.480003,37,19,1.32
7/25/2013,1690,128.669998,38,20,1.33
7/29/2013,1685,128.470001,37,19,1.33
7/30/2013,1686,128.119995,37,19,1.33
7/31/2013,1686,127.959999,37,19,1.33
08-01-2013,1707,126.610001,38,19,1.32
08-05-2013,1707,125.699997,38,19,1.33
08-06-2013,1697,123.970001,37,19,1.33
08-07-2013,1691,124.150002,37,19,1.33
08-08-2013,1697,126.860001,37,20,1.34
08-12-2013,1689,129.130005,38,21,1.33
8/13/2013,1694,127.739998,38,21,1.33
8/14/2013,1685,129,38,21,1.33
8/15/2013,1661,131.690002,38,22,1.34
8/19/2013,1646,132.009995,38,22,1.33
8/20/2013,1652,132.449997,38,22,1.34
8/21/2013,1643,132.070007,37,22,1.33
8/22/2013,1657,132.809998,38,22,1.34
8/26/2013,1657,135.449997,38,23,1.34
8/27/2013,1630,136.75,39,24,1.34
8/28/2013,1635,136.710007,39,23,1.33
8/29/2013,1638,135.869995,39,23,1.32
09-03-2013,1640,136.419998,39,23,1.32
09-04-2013,1653,134.660004,38,23,1.32
09-05-2013,1655,132.199997,39,22,1.31
09-09-2013,1672,133.910004,39,23,1.33
09-10-2013,1684,131.740005,38,22,1.33
09-11-2013,1689,131.699997,38,22,1.33
09-12-2013,1683,127.669998,39,21,1.33
9/16/2013,1698,126.449997,38,21,1.33
9/17/2013,1705,126.5,38,21,1.34
9/18/2013,1726,132.009995,39,22,1.35
9/19/2013,1722,131.75,38,22,1.35
9/23/2013,1702,127.550003,37,21,1.35
9/24/2013,1697,127.660004,37,21,1.35
9/25/2013,1693,128.789993,37,21,1.35
9/26/2013,1699,127.790001,37,21,1.35
9/30/2013,1682,128.179993,37,21,1.35
10-01-2013,1695,124.589996,37,20,1.35
10-02-2013,1694,127.059998,37,21,1.36
10-03-2013,1679,127.18,37,21,1.36
10-08-2013,1655,127.400002,37,21,1.36
10-09-2013,1656,126.110001,37,21,1.35
10-10-2013,1693,124.269997,37,21,1.35
10/14/2013,1710,122.830002,37,21,1.36
10/15/2013,1698,123.730003,36,21,1.35
10/16/2013,1722,123.540001,37,21,1.35
10/17/2013,1733,127.419998,36,21,1.37
10/21/2013,1745,126.980003,36,21,1.37
10/22/2013,1755,129.339996,35,22,1.38
10/23/2013,1746,128.690002,35,22,1.38
10/24/2013,1752,129.899994,35,22,1.38
10/28/2013,1762,130.559998,36,22,1.38
10/29/2013,1772,129.770004,35,22,1.38
10/30/2013,1763,129.600006,35,22,1.37
10/31/2013,1757,127.739998,35,21,1.37
11-01-2013,1762,126.949997,34,21,1.36
11-04-2013,1768,126.809998,34,21,1.35
11-05-2013,1763,126.559998,34,21,1.35
11-06-2013,1770,127.199997,34,21,1.35
11-07-2013,1747,126.160004,34,21,1.35
11-08-2013,1771,124.279999,34,21,1.34
11-11-2013,1772,123.870003,34,21,1.33
11-12-2013,1768,122.449997,34,20,1.34
11/13/2013,1782,122.849998,34,20,1.34
11/14/2013,1791,124.269997,34,20,1.35
11/15/2013,1798,124.32,34,20,1.34
11/18/2013,1792,122.900002,34,20,1.35
11/19/2013,1788,122.949997,34,20,1.35
11/20/2013,1781,120.120003,34,19,1.36
11/21/2013,1796,119.940002,34,19,1.34
11/22/2013,1805,119.919998,34,19,1.35
11/25/2013,1802,120.459999,34,19,1.36
11/26/2013,1803,119.82,34,19,1.35
11/27/2013,1807,119.459999,33,19,1.36
11/29/2013,1806,120.699997,33,19,1.36
12-02-2013,1801,117.580002,34,18,1.36
12-03-2013,1795,117.959999,35,18,1.35
12-04-2013,1793,119.959999,35,19,1.36
12-05-2013,1785,118.300003,35,19,1.36
12-06-2013,1805,118.550003,35,19,1.37
12-09-2013,1808,119.720001,35,19,1.37
12-10-2013,1803,121.82,35,20,1.37
12-11-2013,1782,120.860001,35,20,1.38
12-12-2013,1776,118.290001,35,19,1.38
12/13/2013,1775,119.379997,35,19,1.38
12/16/2013,1787,119.690002,35,19,1.37
12/17/2013,1781,118.650002,35,19,1.38
12/18/2013,1811,117.610001,35,19,1.38
12/19/2013,1810,114.82,35,18,1.37
12/20/2013,1818,115.940002,35,19,1.37
12/23/2013,1828,115.57,35,19,1.37
12/24/2013,1833,116.099998,35,19,1.37
12/26/2013,1842,116.739998,36,19,1.37
12/27/2013,1841,117.120003,36,19,1.37
12/30/2013,1841,115.389999,36,19,1.38
12/31/2013,1848,116.120003,35,19,1.38
01-02-2014,1832,118,34,19,1.38
01-03-2014,1831,119.290001,34,19,1.37
01-06-2014,1827,119.5,34,19,1.36
01-07-2014,1838,118.82,34,19,1.36
01-08-2014,1837,118.120003,33,19,1.36
01-09-2014,1838,118.459999,33,19,1.36
01-10-2014,1842,120.260002,33,19,1.36
1/13/2014,1819,121.019997,33,20,1.37
1/14/2014,1839,119.889999,33,19,1.37
1/15/2014,1848,119.660004,34,19,1.37
1/16/2014,1846,119.790001,34,19,1.36
1/17/2014,1839,120.93,34,20,1.36
1/21/2014,1844,119.699997,34,19,1.35
1/22/2014,1845,119.190002,35,19,1.36
1/23/2014,1828,121.790001,35,19,1.35
1/24/2014,1790,122.290001,35,19,1.37
1/27/2014,1782,120.959999,34,19,1.37
1/28/2014,1793,120.949997,35,19,1.37
1/29/2014,1774,122.470001,35,19,1.37
1/30/2014,1794,119.769997,35,18,1.37
1/31/2014,1783,120.089996,35,18,1.36
02-03-2014,1742,121.32,35,19,1.35
02-04-2014,1755,120.989998,35,19,1.35
02-05-2014,1752,121.290001,35,19,1.35
02-06-2014,1773,121.239998,35,19,1.35
02-07-2014,1797,122.169998,36,19,1.36
02-10-2014,1800,122.919998,36,19,1.36
02-11-2014,1820,124.360001,36,19,1.36
02-12-2014,1819,124.43,36,19,1.36
2/13/2014,1830,125.489998,36,20,1.36
2/14/2014,1839,127.150002,36,21,1.37
2/18/2014,1841,127.400002,37,21,1.37
2/19/2014,1829,126.269997,37,21,1.38
2/20/2014,1840,127.599998,37,21,1.37
2/21/2014,1836,127.580002,37,21,1.37
2/24/2014,1848,128.990005,37,21,1.37
2/25/2014,1845,129.210007,37,21,1.37
2/26/2014,1845,128.110001,37,20,1.37
2/27/2014,1854,128.199997,37,20,1.37
2/28/2014,1859,127.620003,37,20,1.37
03-03-2014,1846,130.289993,38,21,1.38
03-04-2014,1874,128.679993,37,20,1.37
03-05-2014,1874,128.889999,36,20,1.37
03-06-2014,1877,130.169998,37,21,1.37
03-07-2014,1878,129.089996,37,20,1.39
03-10-2014,1877,129.130005,36,20,1.39
03-11-2014,1868,129.860001,36,20,1.39
03-12-2014,1868,131.759995,35,20,1.39
3/13/2014,1846,132.210007,35,20,1.39
3/14/2014,1841,133.100006,36,21,1.39
3/17/2014,1859,131.639999,35,20,1.39
3/18/2014,1872,130.619995,36,20,1.39
3/19/2014,1861,128.089996,36,20,1.39
3/20/2014,1872,127.860001,36,20,1.38
3/21/2014,1867,128.470001,36,20,1.38
3/24/2014,1857,126.18,36,19,1.38
3/25/2014,1866,126.410004,36,19,1.38
3/26/2014,1853,125.410004,36,19,1.38
3/27/2014,1849,124.589996,37,19,1.38
3/28/2014,1858,124.559998,37,19,1.37
3/31/2014,1872,123.610001,37,19,1.38
04-01-2014,1886,123.389999,36,19,1.38
04-02-2014,1891,124.32,36,19,1.38
04-03-2014,1889,123.919998,36,19,1.37
04-07-2014,1845,124.910004,36,19,1.37
04-08-2014,1852,126.089996,37,19,1.38
04-09-2014,1872,126.32,37,19,1.39
04-10-2014,1833,127.010002,37,19,1.39
4/14/2014,1831,127.849998,37,19,1.38
4/15/2014,1843,125.489998,37,19,1.38
4/16/2014,1862,125.540001,37,19,1.38
4/17/2014,1865,124.75,38,19,1.38
4/21/2014,1872,124.239998,38,19,1.38
4/22/2014,1880,123.779999,37,19,1.38
4/23/2014,1875,123.760002,37,19,1.38
4/24/2014,1879,124.559998,37,19,1.38
4/28/2014,1869,124.879997,37,19,1.39
4/29/2014,1878,124.860001,37,19,1.38
4/30/2014,1884,124.220001,36,18,1.39
05-01-2014,1884,123.800003,36,18,1.39
05-05-2014,1885,126.220001,36,19,1.39
05-06-2014,1868,125.980003,36,19,1.39
05-07-2014,1878,124.169998,37,19,1.39
05-08-2014,1876,124.169998,36,18,1.38
05-12-2014,1897,124.940002,37,19,1.38
5/13/2014,1897,124.599998,37,19,1.37
5/14/2014,1889,125.809998,37,19,1.37
5/15/2014,1871,124.769997,37,19,1.37
5/19/2014,1885,124.580002,37,19,1.37
5/20/2014,1873,124.690002,38,19,1.37
5/21/2014,1888,124.389999,38,19,1.37
5/22/2014,1892,124.669998,38,19,1.37
5/27/2014,1912,121.849998,38,18,1.36
5/28/2014,1910,121.199997,38,18,1.36
5/29/2014,1920,120.940002,38,18,1.36
06-02-2014,1925,119.699997,38,18,1.36
06-03-2014,1924,120.010002,38,18,1.36
06-04-2014,1928,119.760002,38,18,1.36
06-05-2014,1940,120.660004,38,18,1.37
06-09-2014,1951,120.650002,38,18,1.36
06-10-2014,1951,121.389999,38,18,1.35
06-11-2014,1944,121.410004,38,18,1.35
06-12-2014,1930,122.639999,39,19,1.36
6/16/2014,1938,122.419998,39,19,1.36
6/17/2014,1942,122.279999,39,19,1.35
6/18/2014,1957,122.669998,39,19,1.36
6/19/2014,1959,126.940002,39,20,1.36
6/23/2014,1963,126.849998,39,20,1.36
6/24/2014,1950,126.980003,39,20,1.36
6/25/2014,1960,126.989998,39,20,1.36
6/26/2014,1957,126.730003,39,20,1.36
6/30/2014,1960,128.039993,39,20,1.37
07-01-2014,1973,127.699997,39,20,1.37
07-02-2014,1975,127.699997,38,20,1.37
07-03-2014,1985,127.160004,38,20,1.36
07-07-2014,1978,127.019997,38,20,1.36
07-08-2014,1964,127.07,38,20,1.36
07-09-2014,1973,127.839996,38,20,1.36
07-10-2014,1965,128.539993,38,21,1.36
7/14/2014,1977,125.720001,37,20,1.36
7/15/2014,1973,124.529999,37,20,1.36
7/16/2014,1982,124.970001,37,20,1.35
7/17/2014,1958,127.089996,38,20,1.35
7/21/2014,1974,126.339996,38,20,1.35
7/22/2014,1984,125.739998,38,20,1.35
7/23/2014,1987,125.620003,38,20,1.35
7/24/2014,1988,124.349998,38,20,1.35
7/28/2014,1979,125.580002,38,20,1.34
7/29/2014,1970,125.199997,37,20,1.34
7/30/2014,1970,124.830002,37,20,1.34
7/31/2014,1931,123.389999,36,20,1.34
08-04-2014,1939,123.989998,36,19,1.34
08-05-2014,1920,123.870003,36,19,1.34
08-06-2014,1920,125.669998,36,19,1.34
08-07-2014,1910,126.18,36,19,1.34
08-11-2014,1937,125.959999,36,19,1.34
08-12-2014,1934,125.989998,36,19,1.34
8/13/2014,1947,126.199997,36,19,1.34
8/14/2014,1955,126.309998,35,19,1.34
8/18/2014,1972,124.959999,35,19,1.34
8/19/2014,1982,124.68,35,19,1.33
8/20/2014,1987,124.220001,35,19,1.33
8/21/2014,1992,122.879997,35,19,1.33
8/25/2014,1998,122.739998,35,19,1.32
8/26/2014,2000,123.349998,35,19,1.32
8/27/2014,2000,123.32,35,19,1.32
8/28/2014,1997,124,35,19,1.32
09-02-2014,2002,121.650002,35,18,1.31
09-03-2014,2001,122.150002,36,18,1.32
09-04-2014,1998,121.480003,35,18,1.29
09-08-2014,2002,120.730003,35,18,1.29
09-09-2014,1988,120.870003,35,18,1.29
09-10-2014,1996,120.260002,34,18,1.29
09-11-2014,1997,119.470001,35,18,1.29
9/15/2014,1984,118.639999,35,18,1.29
9/16/2014,1999,118.830002,35,18,1.30
9/17/2014,2002,117.540001,35,18,1.29
9/18/2014,2011,117.779999,35,18,1.29
9/22/2014,1994,116.849998,34,17,1.29
9/23/2014,1983,117.599998,34,17,1.29
9/24/2014,1998,117.050003,35,17,1.28
9/25/2014,1966,117.389999,35,17,1.28
9/29/2014,1978,117.029999,36,17,1.27
9/30/2014,1972,116.209999,34,16,1.26
10-01-2014,1946,116.769997,34,16,1.26
10-02-2014,1946,116.739998,34,16,1.27
10-06-2014,1965,116.029999,34,17,1.26
10-07-2014,1935,116.360001,33,16,1.27
10-08-2014,1969,117.470001,33,17,1.27
10-09-2014,1928,117.639999,32,17,1.27
10/13/2014,1875,118.519997,32,17,1.27
10/14/2014,1878,118.589996,31,17,1.26
10/15/2014,1862,118.989998,31,17,1.28
10/16/2014,1863,119.220001,31,17,1.28
10/20/2014,1904,119.800003,31,17,1.28
10/21/2014,1941,120.019997,31,17,1.27
10/22/2014,1927,119.339996,31,16,1.26
10/23/2014,1951,118.519997,31,17,1.27
10/27/2014,1962,118.059998,31,16,1.27
10/28/2014,1985,118.099998,31,16,1.27
10/29/2014,1982,116.410004,31,16,1.27
10/30/2014,1995,115.190002,31,16,1.26
10/31/2014,2018,112.660004,31,16,1.26
11-03-2014,2018,112.150002,30,15,1.25
11-04-2014,2012,112.220001,29,15,1.25
11-05-2014,2024,109.790001,30,15,1.26
11-06-2014,2031,109.879997,30,15,1.25
11-07-2014,2032,112.970001,30,15,1.24
11-10-2014,2038,110.459999,29,15,1.25
11-11-2014,2040,112.040001,29,15,1.24
11-12-2014,2038,111.5,29,15,1.25
11/13/2014,2039,111.669998,28,15,1.24
11/14/2014,2040,114.470001,29,16,1.25
11/17/2014,2041,114.050003,29,16,1.25
11/18/2014,2052,115.050003,28,16,1.24
11/19/2014,2049,113.68,28,15,1.25
11/20/2014,2053,114.860001,29,16,1.25
11/21/2014,2064,115.389999,29,16,1.25
11/24/2014,2069,115.110001,29,16,1.24
11/25/2014,2067,115.379997,28,16,1.24
11/26/2014,2073,115.160004,28,16,1.25
11/28/2014,2068,112.110001,26,15,1.25
12-01-2014,2053,116.580002,26,16,1.24
12-02-2014,2067,115.139999,26,16,1.25
12-03-2014,2074,116.330002,26,16,1.24
12-04-2014,2072,115.879997,25,16,1.23
12-05-2014,2075,114.43,25,16,1.24
12-08-2014,2060,115.779999,24,16,1.23
12-09-2014,2060,118.190002,24,16,1.23
12-10-2014,2026,117.959999,23,16,1.24
12-11-2014,2035,117.690002,23,16,1.25
12-12-2014,2002,117.410004,22,16,1.24
12/15/2014,1990,114.389999,21,15,1.25
12/16/2014,1973,114.949997,21,15,1.24
12/17/2014,2013,114.269997,21,15,1.25
12/18/2014,2061,115.150002,21,15,1.23
12/19/2014,2071,114.769997,22,15,1.23
12/22/2014,2079,112.550003,21,15,1.22
12/23/2014,2082,112.739998,22,15,1.22
12/24/2014,2082,112.769997,21,15,1.22
12/26/2014,2089,114.830002,21,15,1.22
12/29/2014,2091,113.669998,20,15,1.22
12/30/2014,2080,115.199997,20,16,1.22
12/31/2014,2059,113.580002,20,15,1.22
01-02-2015,2058,114.080002,20,15,1.21
01-05-2015,2021,115.800003,19,16,1.19
01-06-2015,2003,117.120003,18,16,1.19
01-07-2015,2026,116.43,18,16,1.19
01-08-2015,2062,115.940002,19,16,1.18
01-09-2015,2045,117.260002,18,16,1.18
01-12-2015,2028,118.559998,17,16,1.19
1/13/2015,2023,118.160004,18,16,1.18
1/14/2015,2011,117.970001,18,16,1.18
1/15/2015,1993,120.940002,17,16,1.18
1/16/2015,2019,122.519997,18,17,1.16
1/20/2015,2023,124.199997,17,17,1.16
1/21/2015,2032,124.230003,18,17,1.15
1/22/2015,2063,125.230003,17,18,1.16
1/23/2015,2052,124.230003,17,18,1.13
1/26/2015,2057,122.989998,17,17,1.11
1/27/2015,2030,124.400002,17,17,1.12
1/28/2015,2002,123.419998,17,17,1.14
1/29/2015,2021,120.760002,17,16,1.13
1/30/2015,1995,123.449997,18,17,1.13
02-02-2015,2021,122.419998,19,16,1.13
02-03-2015,2050,121.050003,20,17,1.13
02-04-2015,2042,121.580002,18,17,1.15
02-05-2015,2063,121.790001,19,17,1.13
02-06-2015,2055,118.639999,19,16,1.15
02-09-2015,2047,119.169998,20,16,1.13
02-10-2015,2069,118.470001,19,16,1.13
02-11-2015,2069,117.07,19,16,1.13
02-12-2015,2088,117.339996,19,16,1.13
2/13/2015,2097,117.980003,20,17,1.14
2/17/2015,2100,116.010002,20,16,1.13
2/18/2015,2100,116.339996,19,16,1.14
2/19/2015,2097,115.940002,19,16,1.14
2/20/2015,2110,115.279999,19,16,1.14
2/23/2015,2110,115.43,18,16,1.14
2/24/2015,2115,115.260002,18,16,1.13
2/25/2015,2114,115.699997,19,16,1.13
2/26/2015,2111,116.07,18,16,1.14
2/27/2015,2105,116.160004,18,16,1.12
03-02-2015,2117,115.68,18,16,1.12
03-03-2015,2108,115.470001,18,16,1.12
03-04-2015,2099,115.110001,19,15,1.12
03-05-2015,2101,115,19,16,1.11
03-06-2015,2071,111.860001,18,15,1.10
03-09-2015,2079,111.970001,18,15,1.08
03-10-2015,2044,111.419998,18,15,1.08
03-11-2015,2040,110.75,18,15,1.07
03-12-2015,2066,110.720001,17,15,1.05
3/13/2015,2053,110.879997,17,15,1.06
3/16/2015,2081,110.809998,16,15,1.05
3/17/2015,2074,110.209999,16,15,1.06
3/18/2015,2100,112.370003,17,15,1.06
3/19/2015,2089,112.290001,16,15,1.08
3/20/2015,2108,113.57,16,16,1.07
3/23/2015,2104,114.290001,17,16,1.08
3/24/2015,2092,114.57,17,16,1.09
3/25/2015,2061,114.730003,17,16,1.09
3/26/2015,2056,115.480003,18,16,1.10
3/27/2015,2061,115.059998,17,16,1.09
3/30/2015,2086,113.75,17,16,1.08
3/31/2015,2068,113.660004,17,16,1.07
04-01-2015,2060,115.599998,18,16,1.08
04-02-2015,2067,115.279999,18,16,1.09
04-06-2015,2081,116.690002,18,16,1.09
04-07-2015,2076,116.110001,19,16,1.08
04-08-2015,2082,115.470001,18,16,1.08
04-09-2015,2091,114.669998,18,16,1.07
4/13/2015,2092,115.139999,19,16,1.06
4/14/2015,2096,114.440002,19,16,1.06
4/15/2015,2107,115.43,20,16,1.07
4/16/2015,2105,115.029999,20,16,1.08
4/20/2015,2100,114.720001,20,15,1.07
4/21/2015,2097,115.379997,19,15,1.07
4/22/2015,2108,113.830002,19,15,1.07
4/23/2015,2113,114.660004,20,15,1.08
4/27/2015,2109,115.330002,20,16,1.09
4/28/2015,2115,116.330002,20,16,1.10
4/29/2015,2107,115.510002,20,16,1.11
4/30/2015,2086,113.470001,21,15,1.12
05-04-2015,2114,114.099998,20,16,1.11
05-05-2015,2089,114.419998,21,16,1.12
05-06-2015,2080,114.360001,21,16,1.13
05-07-2015,2088,113.419998,20,16,1.12
05-11-2015,2105,113.529999,20,16,1.11
05-12-2015,2099,114.5,21,16,1.12
5/13/2015,2098,116.550003,21,16,1.14
5/14/2015,2121,117.18,21,17,1.14
5/18/2015,2129,117.519997,20,17,1.13
5/19/2015,2128,115.889999,20,16,1.11
5/20/2015,2126,116.080002,20,16,1.11
5/21/2015,2131,115.690002,21,16,1.11
5/26/2015,2104,113.910004,20,16,1.09
5/27/2015,2123,113.889999,19,16,1.09
5/28/2015,2121,114.019997,20,16,1.10
06-01-2015,2112,114,20,16,1.09
06-02-2015,2110,114.459999,21,16,1.12
06-03-2015,2114,113.639999,20,16,1.13
06-04-2015,2096,112.839996,20,15,1.12
06-08-2015,2079,112.57,20,15,1.13
06-09-2015,2080,112.82,20,15,1.13
06-10-2015,2105,113.779999,21,15,1.13
06-11-2015,2109,113.260002,20,15,1.12
6/15/2015,2084,113.730003,20,15,1.13
6/16/2015,2096,113.32,20,15,1.12
6/17/2015,2100,113.849998,20,15,1.14
6/18/2015,2121,115.32,20,15,1.14
6/22/2015,2123,113.639999,20,15,1.13
6/23/2015,2124,112.889999,20,15,1.12
6/24/2015,2109,112.589996,20,15,1.12
6/25/2015,2102,112.440002,20,15,1.12
6/29/2015,2058,113.07,20,15,1.12
6/30/2015,2063,112.370003,20,15,1.11
07-01-2015,2077,111.980003,19,15,1.10
07-02-2015,2077,111.760002,19,15,1.11
07-06-2015,2069,112.059998,18,15,1.10
07-07-2015,2081,110.760002,18,14,1.10
07-08-2015,2047,111.089996,17,14,1.11
07-09-2015,2051,111.360001,18,15,1.11
7/13/2015,2100,110.989998,18,15,1.10
7/14/2015,2109,110.739998,18,15,1.10
7/15/2015,2107,110.160004,17,14,1.09
7/16/2015,2124,109.760002,17,14,1.09
7/20/2015,2128,105.699997,17,14,1.08
7/21/2015,2119,105.370003,17,14,1.09
7/22/2015,2114,104.800003,16,14,1.09
7/23/2015,2102,104.330002,16,14,1.10
7/27/2015,2068,104.860001,16,14,1.11
7/28/2015,2093,105.019997,16,14,1.11
7/29/2015,2109,105.169998,16,14,1.10
7/30/2015,2109,104.269997,16,14,1.09
08-03-2015,2098,104.099998,15,14,1.10
08-04-2015,2093,104.309998,15,14,1.09
08-05-2015,2100,103.93,15,14,1.09
08-06-2015,2084,104.389999,15,14,1.09
08-10-2015,2104,105.720001,15,15,1.10
08-11-2015,2084,106.260002,14,15,1.10
08-12-2015,2086,107.75,14,15,1.12
8/13/2015,2083,106.860001,14,15,1.12
8/17/2015,2102,107.129997,14,15,1.11
8/18/2015,2097,107.110001,14,14,1.10
8/19/2015,2080,108.550003,13,15,1.11
8/20/2015,2036,110.440002,13,15,1.12
8/24/2015,1893,110.529999,13,14,1.16
8/25/2015,1868,109.160004,13,14,1.16
8/26/2015,1941,107.669998,13,14,1.13
8/27/2015,1988,107.730003,14,14,1.12
8/31/2015,1972,108.82,16,14,1.12
09-01-2015,1914,109.199997,15,14,1.13
09-02-2015,1949,108.620003,15,14,1.12
09-03-2015,1951,107.839996,15,14,1.11
09-08-2015,1969,107.519997,15,14,1.12
09-09-2015,1942,106.129997,15,14,1.12
09-10-2015,1952,106.379997,15,14,1.13
9/14/2015,1953,106.220001,14,14,1.13
9/15/2015,1978,105.900002,15,14,1.13
9/16/2015,1995,107.309998,15,14,1.13
9/17/2015,1990,108.410004,15,14,1.14
9/22/2015,1943,107.790001,15,14,1.11
9/23/2015,1939,108.220001,14,14,1.12
9/24/2015,1932,110.489998,15,14,1.12
9/28/2015,1882,108.419998,14,14,1.12
9/29/2015,1884,107.980003,15,14,1.13
9/30/2015,1920,106.860001,15,14,1.12
10-01-2015,1924,106.730003,15,14,1.12
10-05-2015,1987,108.769997,15,15,1.12
10-06-2015,1980,109.860001,16,15,1.13
10-07-2015,1996,109.699997,16,15,1.12
10-08-2015,2013,109.139999,16,15,1.13
10-12-2015,2017,111.309998,15,15,1.14
10/13/2015,2004,111.860001,15,15,1.14
10/14/2015,1994,113.809998,15,15,1.15
10/15/2015,2024,113.290001,15,15,1.14
10/19/2015,2034,112.019997,15,15,1.13
10/20/2015,2031,112.730003,15,15,1.14
10/21/2015,2019,111.730003,14,15,1.13
10/22/2015,2053,111.690002,15,15,1.11
10/26/2015,2071,111.43,14,15,1.10
10/27/2015,2066,111.68,14,15,1.11
10/28/2015,2090,110.75,15,15,1.10
10/29/2015,2089,109.720001,15,15,1.09
10/30/2015,2079,109.300003,15,15,1.10
11-02-2015,2104,108.589996,15,15,1.10
11-03-2015,2110,106.980003,15,15,1.10
11-04-2015,2102,105.970001,15,14,1.10
11-05-2015,2100,105.639999,14,14,1.09
11-06-2015,2099,104.099998,14,14,1.09
11-09-2015,2079,104.400002,14,14,1.07
11-10-2015,2082,104.18,14,14,1.08
11-11-2015,2075,103.830002,14,14,1.07
11-12-2015,2046,103.849998,13,14,1.08
11/13/2015,2023,103.559998,13,14,1.08
11/16/2015,2053,103.709999,13,14,1.07
11/17/2015,2050,102.339996,13,14,1.07
11/18/2015,2084,102.43,13,14,1.06
11/19/2015,2081,103.559998,13,14,1.07
11/20/2015,2089,103.089996,13,14,1.07
11/23/2015,2087,102.260002,13,13,1.06
11/24/2015,2089,102.940002,13,14,1.06
11/25/2015,2089,102.459999,13,14,1.06
11/27/2015,2090,101.25,13,13,1.06
11/30/2015,2080,101.919998,13,13,1.06
12-01-2015,2103,102.279999,13,14,1.06
12-02-2015,2080,100.690002,12,13,1.06
12-03-2015,2050,101.760002,13,13,1.06
12-04-2015,2092,104.019997,12,14,1.09
12-07-2015,2077,102.669998,12,14,1.09
12-08-2015,2064,102.839996,12,14,1.08
12-09-2015,2048,102.639999,12,13,1.09
12-10-2015,2052,102.550003,11,13,1.10
12-11-2015,2012,103.110001,11,13,1.09
12/14/2015,2022,101.790001,11,13,1.10
12/15/2015,2043,101.519997,11,13,1.10
12/16/2015,2073,102.75,11,13,1.09
12/17/2015,2042,100.5,11,13,1.09
12/18/2015,2006,102.040001,11,13,1.08
12/21/2015,2021,103.150002,11,14,1.09
12/22/2015,2039,102.610001,11,14,1.09
12/23/2015,2064,102.309998,11,14,1.10
12/24/2015,2061,103.050003,11,14,1.09
12/28/2015,2057,102.269997,11,13,1.10
12/29/2015,2078,102.199997,11,13,1.10
12/30/2015,2063,101.419998,11,13,1.09
12/31/2015,2044,101.459999,11,13,1.09
01-04-2016,2013,102.889999,11,13,1.09
01-05-2016,2017,103.18,11,13,1.08
01-06-2016,1990,104.669998,10,13,1.08
01-07-2016,1943,106.150002,10,14,1.08
01-08-2016,1922,105.68,10,13,1.09
01-11-2016,1924,104.739998,9,13,1.09
01-12-2016,1939,104.209999,9,13,1.09
1/13/2016,1890,104.720001,9,13,1.08
1/14/2016,1922,103.019997,9,13,1.09
1/15/2016,1880,104.080002,9,13,1.09
1/19/2016,1881,103.980003,8,13,1.09
1/20/2016,1859,105.370003,8,13,1.09
1/21/2016,1869,105.489998,9,13,1.09
1/22/2016,1907,105,9,13,1.09
1/25/2016,1877,106.080002,9,14,1.08
1/26/2016,1904,107.290001,9,14,1.09
1/27/2016,1883,107.690002,9,14,1.09
1/28/2016,1893,106.540001,10,14,1.09
1/29/2016,1940,106.949997,10,14,1.09
02-01-2016,1939,108.050003,9,14,1.08
02-02-2016,1903,108.089996,9,14,1.09
02-03-2016,1913,109.25,9,14,1.09
02-04-2016,1915,110.57,9,14,1.11
02-05-2016,1880,112.32,9,14,1.12
02-08-2016,1853,113.830002,9,15,1.11
02-09-2016,1852,113.580002,8,15,1.12
02-10-2016,1852,114.459999,8,15,1.13
02-11-2016,1829,119.059998,8,15,1.13
02-12-2016,1865,118.360001,8,15,1.13
2/16/2016,1896,114.769997,8,15,1.12
2/17/2016,1927,115.480003,9,15,1.11
2/18/2016,1918,118.290001,9,15,1.11
2/19/2016,1918,117.580002,9,15,1.11
2/22/2016,1946,115.489998,9,14,1.11
2/23/2016,1921,117.220001,8,15,1.10
2/24/2016,1930,117.610001,9,15,1.10
2/25/2016,1952,117.919998,9,14,1.10
2/26/2016,1948,117.110001,9,14,1.10
2/29/2016,1932,118.639999,9,14,1.09
03-01-2016,1978,117.769997,9,14,1.09
03-02-2016,1986,118.68,9,14,1.09
03-03-2016,1993,120.730003,9,15,1.09
03-04-2016,2000,120.540001,10,15,1.09
03-07-2016,2002,121.139999,10,15,1.10
03-08-2016,1979,120.580002,10,15,1.10
03-09-2016,1989,119.580002,10,15,1.10
03-10-2016,1990,121.5,10,15,1.10
03-11-2016,2022,119.410004,10,15,1.12
3/14/2016,2020,117.870003,10,15,1.12
3/15/2016,2016,117.959999,10,15,1.11
3/16/2016,2027,120.589996,10,15,1.11
3/17/2016,2041,120.129997,11,15,1.12
3/18/2016,2050,119.800003,10,15,1.13
3/21/2016,2052,118.959999,11,15,1.13
3/22/2016,2050,119.309998,11,15,1.12
3/23/2016,2037,116.610001,10,15,1.12
3/24/2016,2036,116.330002,10,14,1.12
3/28/2016,2037,116.599998,10,14,1.12
3/29/2016,2055,118.760002,10,15,1.13
3/30/2016,2064,117.099998,10,14,1.13
3/31/2016,2060,117.639999,10,15,1.14
04-04-2016,2066,116.150002,9,14,1.14
04-05-2016,2045,117.660004,9,14,1.14
04-06-2016,2067,116.940002,10,14,1.14
04-07-2016,2042,118.610001,10,14,1.14
04-11-2016,2042,120.029999,10,15,1.14
04-12-2016,2062,120.050003,11,15,1.14
4/13/2016,2082,118.769997,11,15,1.13
4/14/2016,2083,117.110001,10,15,1.13
4/18/2016,2094,117.739998,10,15,1.13
4/19/2016,2101,119.580002,10,16,1.14
4/20/2016,2102,118.970001,11,16,1.13
4/21/2016,2091,119.419998,11,16,1.13
4/25/2016,2088,118.230003,11,16,1.13
4/26/2016,2092,118.699997,11,16,1.13
4/27/2016,2095,119.040001,11,16,1.13
4/28/2016,2076,121.290001,11,17,1.14
05-02-2016,2081,123.239998,11,17,1.15
05-03-2016,2063,122.959999,11,17,1.15
05-04-2016,2051,122.209999,11,16,1.15
05-05-2016,2051,122.07,11,17,1.14
05-09-2016,2059,120.650002,11,16,1.14
05-10-2016,2084,120.980003,11,16,1.14
05-11-2016,2064,122.120003,11,17,1.14
05-12-2016,2064,121.160004,11,16,1.14
5/16/2016,2067,121.800003,12,16,1.13
5/17/2016,2047,122.220001,12,16,1.13
5/18/2016,2048,120.099998,12,16,1.12
5/19/2016,2040,119.870003,12,16,1.12
5/23/2016,2048,119.370003,12,16,1.12
5/24/2016,2076,117.300003,12,15,1.11
5/25/2016,2091,116.980003,12,16,1.12
5/26/2016,2090,116.580002,12,16,1.12
5/31/2016,2097,116.059998,12,15,1.11
06-01-2016,2099,115.940002,12,15,1.12
06-02-2016,2105,115.669998,12,15,1.12
06-06-2016,2109,118.919998,12,16,1.14
06-07-2016,2112,118.82,12,16,1.14
06-08-2016,2119,120.580002,12,16,1.14
06-09-2016,2115,121.25,12,16,1.13
6/13/2016,2079,122.639999,12,17,1.13
6/14/2016,2075,122.769997,12,17,1.12
6/15/2016,2072,123.68,11,17,1.13
6/16/2016,2078,122.379997,11,16,1.13
6/20/2016,2083,123.209999,12,17,1.13
6/21/2016,2089,120.839996,12,16,1.13
6/22/2016,2085,120.900002,12,16,1.13
6/23/2016,2113,120.110001,12,16,1.13
6/27/2016,2001,126.68,11,17,1.10
6/28/2016,2036,125.32,11,17,1.11
6/29/2016,2071,125.839996,12,17,1.11
6/30/2016,2099,126.470001,12,18,1.11
07-05-2016,2089,129.470001,11,19,1.11
07-06-2016,2100,130.229996,11,19,1.11
07-07-2016,2098,129.740005,11,19,1.11
07-11-2016,2137,129.289993,11,19,1.11
07-12-2016,2152,127.150002,11,19,1.11
7/13/2016,2152,128.320007,11,19,1.11
7/14/2016,2164,127.330002,11,19,1.11
7/18/2016,2167,127.040001,11,19,1.11
7/19/2016,2164,127.209999,11,19,1.10
7/20/2016,2173,125.389999,11,18,1.10
7/21/2016,2165,127.300003,10,19,1.10
7/25/2016,2168,125.470001,10,19,1.10
7/26/2016,2169,126,10,19,1.10
7/27/2016,2167,128.029999,10,19,1.11
7/28/2016,2170,127.660004,10,19,1.11
08-01-2016,2171,129.220001,9,19,1.12
08-02-2016,2157,130.270004,9,20,1.12
08-03-2016,2164,129.649994,10,19,1.12
08-04-2016,2164,129.869995,10,19,1.11
08-08-2016,2181,127.440002,10,19,1.11
08-09-2016,2182,127.959999,10,19,1.11
08-10-2016,2175,128.559998,10,19,1.12
08-11-2016,2186,127.669998,10,19,1.11
8/15/2016,2190,127.839996,11,19,1.12
8/16/2016,2178,128.470001,11,19,1.13
8/17/2016,2182,128.5,11,19,1.13
8/18/2016,2187,129.110001,11,19,1.13
8/22/2016,2183,127.779999,11,18,1.13
8/23/2016,2187,127.760002,11,18,1.13
8/24/2016,2175,126.339996,11,18,1.13
8/25/2016,2172,126.230003,11,18,1.13
8/29/2016,2180,126.300003,11,18,1.12
8/30/2016,2176,125.029999,11,18,1.12
8/31/2016,2171,124.779999,10,18,1.12
09-01-2016,2171,125.290001,10,18,1.12
09-06-2016,2186,128.710007,10,19,1.13
09-07-2016,2186,128.270004,11,19,1.12
09-08-2016,2181,127.589996,11,19,1.13
09-12-2016,2159,126.589996,11,18,1.12
9/13/2016,2127,125.75,10,18,1.12
9/14/2016,2126,126.18,10,18,1.12
9/15/2016,2147,125.370003,10,18,1.12
9/19/2016,2139,125.32,10,18,1.12
9/20/2016,2140,125.440002,10,18,1.12
9/21/2016,2163,127.269997,10,19,1.12
9/22/2016,2177,127.57,11,19,1.12
9/26/2016,2146,127.550003,10,18,1.12
9/27/2016,2160,126.620003,10,18,1.12
9/28/2016,2171,126.220001,11,18,1.12
9/29/2016,2151,126.07,11,18,1.12
10-03-2016,2161,125.32,11,18,1.12
10-04-2016,2150,120.970001,11,17,1.12
10-05-2016,2160,120.779999,11,17,1.12
10-06-2016,2161,119.660004,12,16,1.11
10-10-2016,2164,120.160004,12,17,1.11
10-11-2016,2137,119.550003,12,17,1.11
10-12-2016,2139,119.739998,11,17,1.10
10/13/2016,2133,120.029999,11,17,1.10
10/17/2016,2127,119.68,11,17,1.10
10/18/2016,2140,120.419998,11,17,1.10
10/19/2016,2144,121.110001,12,17,1.10
10/20/2016,2141,120.739998,11,17,1.09
10/24/2016,2151,120.559998,11,17,1.09
10/25/2016,2143,121.470001,11,17,1.09
10/26/2016,2139,120.790001,11,17,1.09
10/27/2016,2133,121.010002,11,17,1.09
10/31/2016,2126,121.940002,11,17,1.10
11-01-2016,2112,122.730003,11,17,1.10
11-02-2016,2098,123.639999,10,18,1.11
11-03-2016,2089,124.300003,10,17,1.11
11-04-2016,2085,124.389999,10,17,1.11
11-07-2016,2132,122.150002,10,17,1.11
11-08-2016,2140,121.639999,10,17,1.11
11-09-2016,2163,121.559998,10,17,1.10
11-10-2016,2167,119.75,10,18,1.09
11-11-2016,2164,117.099998,10,16,1.09
11/14/2016,2164,116.110001,10,16,1.08
11/15/2016,2180,117.120003,10,16,1.08
11/16/2016,2177,116.769997,10,16,1.07
11/17/2016,2187,116.169998,10,16,1.07
11/18/2016,2182,115.150002,10,16,1.06
11/21/2016,2198,115.580002,11,16,1.06
11/22/2016,2203,115.540001,11,16,1.06
11/23/2016,2205,113.25,11,16,1.06
11/25/2016,2213,112.610001,10,16,1.06
11/28/2016,2202,113.800003,10,16,1.06
11/29/2016,2205,113.269997,10,16,1.06
11/30/2016,2199,111.75,11,16,1.06
12-01-2016,2191,111.540001,11,16,1.06
12-02-2016,2192,112.139999,11,16,1.07
12-05-2016,2205,111.540001,11,16,1.06
12-06-2016,2212,111.43,11,16,1.08
12-07-2016,2241,111.830002,11,16,1.07
12-08-2016,2246,111.57,11,16,1.08
12-09-2016,2260,110.400002,11,16,1.06
12-12-2016,2257,110.82,12,16,1.05
12/13/2016,2272,110.449997,12,16,1.06
12/14/2016,2253,108.830002,11,16,1.06
12/15/2016,2262,107.339996,11,15,1.05
12/16/2016,2258,108.050003,12,15,1.04
12/19/2016,2263,108.589996,12,15,1.04
12/20/2016,2271,107.790001,12,15,1.04
12/21/2016,2265,107.849998,11,15,1.04
12/22/2016,2261,107.589996,11,15,1.04
12/23/2016,2264,107.93,12,15,1.04
12/27/2016,2269,108.559998,12,15,1.05
12/28/2016,2250,108.860001,12,15,1.05
12/29/2016,2249,110.290001,12,15,1.04
12/30/2016,2239,109.610001,12,15,1.06
01-03-2017,2258,110.470001,11,15,1.05
01-04-2017,2271,110.860001,12,16,1.04
01-05-2017,2269,112.580002,12,16,1.05
01-06-2017,2277,111.75,12,16,1.06
01-09-2017,2269,112.669998,11,16,1.05
01-10-2017,2269,113.150002,11,16,1.06
01-11-2017,2275,113.5,11,16,1.06
01-12-2017,2270,113.910004,12,16,1.06
1/13/2017,2275,114.209999,11,16,1.06
1/17/2017,2268,115.849998,11,16,1.06
1/18/2017,2272,114.870003,11,16,1.07
1/19/2017,2264,114.769997,11,16,1.06
1/20/2017,2271,115.050003,11,16,1.07
1/23/2017,2265,115.790001,11,16,1.07
1/24/2017,2280,115.269997,11,16,1.08
1/25/2017,2298,114.32,11,16,1.07
1/26/2017,2297,113.260002,12,16,1.08
1/27/2017,2295,113.489998,11,16,1.07
1/30/2017,2281,113.970001,11,16,1.07
1/31/2017,2279,115.550003,11,17,1.07
02-01-2017,2280,115.199997,11,17,1.08
02-02-2017,2281,115.839996,12,17,1.08
02-03-2017,2297,116.129997,12,17,1.08
02-06-2017,2293,117.699997,11,17,1.08
02-07-2017,2293,117.459999,11,17,1.07
02-08-2017,2295,118.190002,11,17,1.07
02-09-2017,2308,117.290001,11,17,1.07
02-10-2017,2316,117.599998,12,17,1.07
2/13/2017,2328,116.800003,11,17,1.06
2/14/2017,2338,116.93,11,17,1.06
2/15/2017,2349,117.449997,11,17,1.06
2/16/2017,2347,118.080002,11,17,1.06
2/17/2017,2351,117.68,11,17,1.07
2/21/2017,2365,117.75,12,17,1.06
2/22/2017,2363,117.910004,11,17,1.05
2/23/2017,2364,118.940002,12,17,1.06
2/24/2017,2367,119.699997,11,17,1.06
2/27/2017,2370,119.120003,11,17,1.06
2/28/2017,2364,119.230003,11,17,1.06
03-01-2017,2396,119.059998,11,17,1.06
03-02-2017,2382,117.580002,11,17,1.05
03-03-2017,2383,117.510002,11,17,1.05
03-06-2017,2375,116.720001,11,17,1.06
03-07-2017,2368,115.779999,11,17,1.06
03-08-2017,2363,115.059998,11,16,1.06
03-09-2017,2365,114.470001,11,16,1.05
03-10-2017,2373,114.720001,10,16,1.06
3/13/2017,2373,114.739998,10,16,1.07
3/14/2017,2365,114.120003,10,16,1.07
3/15/2017,2385,116.25,10,16,1.06
3/16/2017,2381,116.730003,10,16,1.07
3/17/2017,2378,116.989998,10,16,1.08
3/20/2017,2373,117.510002,10,17,1.07
3/21/2017,2344,118.540001,10,17,1.07
3/22/2017,2348,118.830002,10,17,1.08
3/23/2017,2346,118.669998,10,17,1.08
3/24/2017,2344,118.860001,10,17,1.08
3/27/2017,2342,119.529999,10,17,1.09
3/28/2017,2359,119.040001,10,17,1.08
3/29/2017,2361,119.330002,10,17,1.08
3/30/2017,2368,118.470001,11,17,1.07
04-03-2017,2359,119.349998,11,17,1.07
04-04-2017,2360,119.620003,11,17,1.07
04-05-2017,2353,119.620003,11,17,1.07
04-06-2017,2357,119.18,11,17,1.06
04-10-2017,2357,119.459999,11,17,1.06
04-11-2017,2354,121.190002,11,17,1.06
04-12-2017,2345,122.019997,11,17,1.07
4/13/2017,2329,122.599998,11,18,1.06
4/17/2017,2349,122.239998,11,17,1.06
4/18/2017,2342,122.82,11,17,1.07
4/19/2017,2338,121.730003,11,17,1.07
4/20/2017,2356,121.959999,11,17,1.07
4/24/2017,2374,121.480003,10,17,1.09
4/25/2017,2389,120.25,10,17,1.09
4/26/2017,2387,120.839996,10,17,1.09
4/27/2017,2389,120.389999,10,16,1.09
05-01-2017,2388,119.669998,10,16,1.09
05-02-2017,2391,119.650002,10,16,1.09
05-03-2017,2388,117.980003,10,16,1.09
05-04-2017,2390,116.790001,9,15,1.10
05-08-2017,2399,116.75,10,15,1.09
05-09-2017,2397,116.050003,10,15,1.09
05-10-2017,2400,116.040001,10,15,1.09
05-11-2017,2394,116.5,10,15,1.09
5/15/2017,2402,117.139999,10,16,1.10
5/16/2017,2401,117.650002,10,16,1.11
5/17/2017,2357,119.790001,10,16,1.12
5/18/2017,2366,118.809998,10,16,1.11
5/22/2017,2394,119.900002,11,16,1.12
5/23/2017,2398,119.139999,11,16,1.12
5/24/2017,2404,119.610001,11,16,1.12
5/25/2017,2415,119.480003,10,16,1.12
5/30/2017,2413,120.139999,10,16,1.12
5/31/2017,2412,120.620003,10,16,1.12
06-01-2017,2430,120.720001,10,16,1.12
06-05-2017,2436,121.730003,10,17,1.13
06-06-2017,2429,123.099998,10,17,1.13
06-07-2017,2433,122.449997,9,17,1.13
06-08-2017,2434,121.650002,9,16,1.12
06-12-2017,2429,120.360001,10,16,1.12
6/13/2017,2440,120.480003,10,16,1.12
6/14/2017,2438,119.82,9,16,1.12
6/15/2017,2432,119.32,9,16,1.11
6/19/2017,2453,118.43,9,16,1.11
6/20/2017,2437,118.18,9,16,1.11
6/21/2017,2436,118.519997,9,16,1.12
6/22/2017,2435,118.919998,9,16,1.11
6/26/2017,2439,118.360001,9,16,1.12
6/27/2017,2419,118.809998,9,16,1.13
6/28/2017,2441,118.900002,9,16,1.14
6/29/2017,2420,118.32,9,16,1.14
07-03-2017,2429,116.089996,10,15,1.14
07-05-2017,2433,116.519997,9,15,1.13
07-06-2017,2410,116.470001,9,15,1.14
07-11-2017,2426,115.620003,9,15,1.15
07-12-2017,2443,116.029999,9,15,1.14
7/13/2017,2448,115.82,9,15,1.14
7/17/2017,2459,117.290001,9,15,1.15
7/18/2017,2461,118.110001,10,15,1.15
7/19/2017,2474,118.080002,10,15,1.15
7/20/2017,2473,118.239998,10,15,1.16
7/24/2017,2470,119.309998,10,16,1.16
7/25/2017,2477,118.919998,10,16,1.16
7/26/2017,2478,119.879997,10,16,1.17
7/27/2017,2475,119.790001,10,16,1.17
7/31/2017,2470,120.75,10,16,1.18
08-01-2017,2476,120.650002,10,16,1.18
08-02-2017,2478,120.400002,10,16,1.19
08-03-2017,2472,120.589996,10,16,1.19
08-07-2017,2481,119.510002,10,15,1.18
08-08-2017,2475,119.860001,10,16,1.18
08-09-2017,2474,121.309998,10,16,1.18
08-10-2017,2438,122.209999,10,16,1.18
8/14/2017,2466,121.919998,10,16,1.18
8/15/2017,2465,120.980003,10,16,1.17
8/16/2017,2468,121.870003,10,16,1.18
8/17/2017,2430,122.489998,10,16,1.17
8/21/2017,2428,122.760002,10,16,1.18
8/22/2017,2453,122.209999,10,16,1.18
8/23/2017,2444,122.669998,10,16,1.18
8/24/2017,2439,122.290001,10,16,1.18
8/28/2017,2444,124.690002,10,17,1.20
8/29/2017,2446,124.419998,9,16,1.20
8/30/2017,2458,124.360001,9,16,1.19
8/31/2017,2472,125.82,10,17,1.19
09-05-2017,2458,127.459999,10,17,1.19
09-06-2017,2466,126.809998,10,17,1.19
09-07-2017,2465,128.130005,10,17,1.20
09-11-2017,2488,126.190002,10,17,1.20
09-12-2017,2496,126.559998,10,17,1.20
9/13/2017,2498,125.610001,10,17,1.19
9/14/2017,2496,126.160004,10,17,1.19
9/18/2017,2504,124.360001,10,16,1.20
9/19/2017,2507,124.620003,10,16,1.20
9/20/2017,2508,123.620003,10,16,1.19
9/21/2017,2501,122.68,10,16,1.19
9/25/2017,2497,124.529999,11,16,1.19
9/26/2017,2497,123.139999,10,16,1.18
9/27/2017,2507,121.980003,11,16,1.17
9/28/2017,2510,122.209999,10,16,1.18
10-02-2017,2529,120.769997,10,16,1.17
10-03-2017,2535,120.830002,10,16,1.17
10-04-2017,2538,121.169998,10,16,1.18
10-05-2017,2552,120.519997,10,16,1.17
10-09-2017,2545,122.080002,10,16,1.17
10-10-2017,2551,122.400002,10,16,1.18
10-11-2017,2555,122.790001,10,16,1.19
10-12-2017,2551,122.889999,10,16,1.18
10/16/2017,2558,122.970001,10,16,1.18
10/17/2017,2559,122.129997,10,16,1.18
10/18/2017,2561,121.669998,10,16,1.18
10/19/2017,2562,122.389999,10,16,1.18
10/23/2017,2565,121.800003,10,16,1.18
10/24/2017,2569,121.330002,11,16,1.18
10/25/2017,2557,121.349998,10,16,1.18
10/26/2017,2560,120.330002,11,16,1.16
10/30/2017,2573,121.129997,11,16,1.16
10/31/2017,2575,120.669998,11,16,1.17
11-01-2017,2579,121.110001,11,16,1.17
11-02-2017,2580,121.190002,11,16,1.16
11-03-2017,2588,120.620003,11,16,1.17
11-06-2017,2591,121.650002,12,16,1.16
11-07-2017,2591,121.209999,11,16,1.16
11-08-2017,2594,121.629997,11,16,1.16
11-09-2017,2585,122.129997,11,16,1.16
11-10-2017,2582,121.129997,11,16,1.16
11/13/2017,2585,121.309998,11,16,1.17
11/14/2017,2579,121.559998,11,16,1.17
11/15/2017,2565,121.410004,11,16,1.18
11/20/2017,2582,121.309998,11,16,1.17
11/21/2017,2599,121.510002,11,16,1.17
11/22/2017,2597,122.629997,12,16,1.17
11/24/2017,2602,122.32,12,16,1.19
11/27/2017,2601,122.830002,12,16,1.19
11/28/2017,2627,122.809998,12,16,1.19
11/29/2017,2626,122.040001,11,16,1.18
11/30/2017,2648,121.099998,11,16,1.19
12-01-2017,2642,121.589996,12,16,1.19
12-04-2017,2639,121.18,11,15,1.19
12-05-2017,2630,120.32,12,15,1.19
12-06-2017,2629,120.07,11,15,1.18
12-07-2017,2637,118.489998,11,15,1.18
12-08-2017,2652,118.480003,11,15,1.18
12-11-2017,2660,118.010002,12,15,1.18
12-12-2017,2664,118.150002,11,15,1.18
12/13/2017,2663,119.169998,11,15,1.17
12/14/2017,2652,118.93,11,15,1.18
12/15/2017,2676,119.18,11,15,1.18
12/18/2017,2690,119.730003,11,15,1.17
12/19/2017,2681,119.82,12,15,1.18
12/20/2017,2679,120.139999,12,15,1.18
12/21/2017,2685,120.309998,12,15,1.19
12/22/2017,2683,120.940002,12,15,1.19
12/26/2017,2681,121.769997,12,16,1.19
12/27/2017,2683,122.230003,12,16,1.19
12/28/2017,2688,122.849998,12,16,1.19
12/29/2017,2674,123.650002,12,16,1.19
01-02-2018,2696,125.150002,12,16,1.20
01-03-2018,2713,124.82,12,16,1.21
01-04-2018,2724,125.459999,12,16,1.20
01-05-2018,2743,125.330002,12,16,1.21
01-08-2018,2748,125.309998,12,16,1.20
01-09-2018,2751,124.730003,13,16,1.20
01-10-2018,2748,125.029999,13,16,1.19
01-11-2018,2768,125.440002,13,16,1.20
01-12-2018,2786,126.959999,13,16,1.20
1/16/2018,2776,127.169998,13,16,1.23
1/17/2018,2803,126.139999,13,16,1.23
1/18/2018,2798,125.860001,13,16,1.22
1/19/2018,2810,126.419998,13,16,1.22
1/22/2018,2833,126.650002,13,16,1.23
1/23/2018,2839,127.279999,13,16,1.23
1/24/2018,2838,128.830002,13,17,1.23
1/25/2018,2839,127.970001,13,16,1.24
1/26/2018,2873,128.070007,13,16,1.24
1/29/2018,2854,127.349998,13,16,1.24
1/30/2018,2822,126.800003,13,16,1.24
1/31/2018,2824,127.650002,13,16,1.24
02-01-2018,2822,128.070007,13,16,1.24
02-02-2018,2762,126.389999,13,16,1.25
02-05-2018,2649,126.709999,13,16,1.24
02-06-2018,2695,125.379997,13,16,1.24
02-07-2018,2682,124.790001,12,15,1.24
02-08-2018,2581,124.980003,12,15,1.23
02-09-2018,2620,124.769997,12,15,1.23
02-12-2018,2656,125.370003,12,16,1.23
2/13/2018,2663,126.080002,12,16,1.23
2/14/2018,2699,128.229996,12,16,1.24
2/15/2018,2731,128.380005,12,16,1.25
2/16/2018,2732,127.959999,12,16,1.25
2/20/2018,2716,126.239998,12,16,1.24
2/21/2018,2701,125.660004,12,16,1.23
2/22/2018,2704,126.300003,13,16,1.23
2/23/2018,2747,126.139999,13,16,1.23
2/26/2018,2780,126.449997,13,16,1.23
2/27/2018,2744,125.129997,13,15,1.23
2/28/2018,2714,125,12,15,1.22
03-01-2018,2678,124.720001,12,16,1.22
03-02-2018,2691,125.389999,12,16,1.23
03-05-2018,2721,125.18,13,15,1.23
03-06-2018,2728,126.529999,13,16,1.23
03-07-2018,2727,125.720001,12,16,1.24
03-08-2018,2739,125.419998,12,16,1.24
03-09-2018,2787,125.540001,12,16,1.23
03-12-2018,2783,125.540001,12,16,1.23
3/13/2018,2765,125.779999,12,16,1.23
3/14/2018,2749,125.699997,12,16,1.24
3/15/2018,2747,124.900002,12,15,1.24
3/16/2018,2752,124.599998,13,15,1.23
3/19/2018,2713,124.870003,13,15,1.23
3/20/2018,2717,124.309998,13,15,1.23
3/21/2018,2712,126.480003,13,16,1.23
3/22/2018,2644,125.980003,13,15,1.23
3/23/2018,2588,127.610001,13,16,1.23
3/26/2018,2659,128.279999,13,16,1.25
3/27/2018,2613,127.489998,13,16,1.24
3/28/2018,2605,125.730003,13,15,1.23
3/29/2018,2641,125.790001,13,15,1.23
04-02-2018,2582,127.260002,13,16,1.23
04-03-2018,2614,126.300003,13,15,1.23
04-04-2018,2645,126.449997,13,15,1.23
04-05-2018,2663,125.800003,13,15,1.23
04-09-2018,2613,126.82,13,16,1.23
04-10-2018,2657,127.120003,13,16,1.24
04-11-2018,2642,128.110001,13,16,1.24
04-12-2018,2664,126.620003,14,16,1.23
4/16/2018,2678,127.629997,13,16,1.24
4/17/2018,2706,127.75,13,16,1.24
4/18/2018,2709,127.849998,14,16,1.24
4/19/2018,2693,127.599998,14,16,1.23
4/23/2018,2670,125.620003,14,16,1.22
4/24/2018,2635,126.230003,14,16,1.22
4/25/2018,2639,125.410004,14,16,1.22
4/26/2018,2667,124.970001,14,16,1.21
4/30/2018,2648,124.589996,14,15,1.21
05-01-2018,2655,123.709999,14,15,1.20
05-02-2018,2636,123.650002,14,15,1.20
05-03-2018,2630,124.279999,14,15,1.20
05-07-2018,2673,124.57,14,16,1.19
05-08-2018,2672,124.589996,14,16,1.19
05-09-2018,2698,124.330002,14,16,1.18
05-10-2018,2723,125.18,14,16,1.19
5/14/2018,2730,124.489998,14,16,1.19
5/16/2018,2726,122.5438,14,15,1.18
